S.No.,Location Code,Location,Start,Distance,Race Name,Rank 1 Number,Rank 1 Name,Rank 1 Rider,Rank 1 W,Rank 1 P,Rank 2 Number,Rank 2 Name,Rank 2 Rider,Rank 2 W,Rank 2 P,Rank 3 Number,Rank 3 Name,Rank 3 Rider,Rank 3 W,Rank 3 P,Rank 4 Number,Rank 4 Name,Rank 4 Rider,Rank 4 W,Rank 4 P,Win,Place,Qulnella,Exacta,Trifecta,First 4,Double,Quaddle,Qulnella Results,Qulnella Dividends,Exacta Results,Exacta Dividends,Trifecta Results,Trifecta Dividends,First 4 Results,First 4 Dividends
0,ARO,Fonner Park - USA,07:08,1308,FONNER PARK - DIRT CLAIMING,6,AIR ASSAULT (USA),ARMANDO MARTINEZ,8.40,2.50,10,BIG HEARTED FACTOR (USA),JAKE OLESIAK,-,1.40,4,DIESEL'S PRIZE (USA),CHRIS FACKLER,-,2.10, , , , , ,"1,764",586,390,286,"1,761",48,-,-,6-10,10.60,6-10,27.70,6-10-4,133.00,6-7,46.00
1,ARO,Fonner Park - USA,07:41,1207,FONNER PARK - DIRT CLAIMING,7,FRANKI D ORO (USA),DAKOTA WOOD,3.10,1.50,1,TERRI'S TEMPER (USA),RICARDO MARTINEZ,-,3.40,8,WACCA WACCA WACCA (USA),JARRED JOURNET,-,1.90, , , , , ,"1,600",568,258,274,"1,717",64,155,-,1-7,17.90,7-1,36.50,7-1-8,122.70,6-7,46.00
2,ARO,Fonner Park - USA,08:10,1207,FONNER PARK - DIRT CLAIMING,5,MAGNANIMUS MAN (USA),JAKE OLESIAK,2.10,1.70,7,HOLIDAY JOKE (USA),RICARDO MARTINEZ,-,4.20,8,EMPIRICAL DATA (USA),LUIS RODRIGUEZ,-,3.70, , , , , ,"1,339",556,317,246,"2,169",40,-,-,5-7,40.40,5-7,111.30,5-7-8,403.60,7-5,5.10
3,ARO,Fonner Park - USA,08:37,1207,FONNER PARK - DIRT ALLOWANCE OPT CLAIMING,5,LET'S GO PLACES (USA),RICARDO MARTINEZ,32.40,5.20,8,INDY N ROSES (USA),DAKOTA WOOD,-,1.80,10,MAY FLOWERS (USA),CHRIS FACKLER,-,1.70, , , , , ,"1,368",527,503,403,"2,678",62,-,-,5-8,103.50,5-8,125.80,5-8-10,800.20,5-5,64.00
4,ARO,Fonner Park - USA,09:06,1609,FONNER PARK - DIRT CLAIMING,6,BIG EGYPT (USA),JAKE OLESIAK,4.00,1.50,8,SPUNKY KITTEN (USA),SCOTT BETHKE,-,3.10,7,BEST TRICK YET (USA),RICARDO MARTINEZ,-,5.20, , , , , ,"2,078",846,691,533,"3,685",-,-,-,6-8,31.70,6-8,41.80,6-8-7,680.90,"5-6
                                            Partial C/O","100.00
                                            (38.89)"
0,BR,Doomben,09:23,2240,HAPPY RETIREMENT REDZEL MAIDEN PLATE MDN-SW,6,STEEL PIER,ADIN THOMPSON (A),1.60,1.10,2,LIKEABEEL,MICHEAL HELLYER,-,10.60,5,JERRY ZANDA,BAYLEE NOTHDURFT (A),-,1.20,7,COMZELADY,DALE SMITH,-,-,13.4K,"5,805","5,204","2,059",10.8K,"9,630","2,004",-,2-6,71.40,6-2,93.20,6-2-5,391.00,6-2-5-7,2072.50
1,BR,Doomben,09:58,1050,TAB QTIS TWO-YEARS-OLD MAIDEN PLATE 2Y MDN-SW,7,HAMILTON HILL,SEAN CORMACK,3.90,1.80,10,SHOOTING ROSES (NZ),JUSTIN HUXTABLE (A),-,1.10,9,ROMAN REIGN,MICHAEL MURPHY,-,7.60,3,KIPCHOGE,BAYLEE NOTHDURFT (A),-,-,12.6K,"5,473","5,057","2,153",11.7K,"9,689","1,445",-,7-10,4.60,7-10,9.50,7-10-9,349.70,7-10-9-3,966.80
0,MDB,The Meadows,10:26,525,SKY RACING (1-3 WIN)(250+RANK) HT1 RSDWHT,1,KUDOS BALE,S. GRENFELL,12.30,2.10,3,MEPUNGA MISSILE,J. BRITTON,-,1.04,2,ASTON SELECT,M. CHILCOTT,-,2.20,5,ASTON ELSIE,S. PAYNE,-,-,"3,760","2,294","2,205",849,"5,193","5,908",156,"3,234",1-3,6.50,1-3,30.90,1-3-2,92.10,1-3-2-5,516.80
2,BR,Doomben,10:33,1050,THANK YOU SCHOOL TEACHERS QTIS TWO-YEARS-OLD MAIDEN PLATE 2Y MDN-SW,5,AVIEMORE,SEAN CORMACK,9.50,3.00,2,CORVO,ANTHONY ALLEN,-,3.10,10,SIP IT SLOW,JAKE BAYLISS,-,1.60,11,SWEET RHAPSODY,JAMES ORMAN,-,-,17.4K,"6,104","5,620","2,174",10.7K,"9,432","1,090",17.3K,2-5,48.20,5-2,193.60,5-2-10,977.60,5-2-10-11,6266.00
0,AD,Murray Bridge,10:40,300,TABCORP MAIDEN STAKE MDN,2,GRIT BLASTER,R. HARNAS,2.70,1.04,5,LUBOKO,D. ANDERSON,-,1.30,7,SENIOR SANCHEZ,R. HARNAS,-,1.50,6,KICK UP,D. ANDERSON,-,-,"3,934","1,364","1,176",407,"2,658","3,900",19,174,2-5,3.90,2-5,11.30,2-5-7,19.40,2-5-7-6,54.50
1,MDB,The Meadows,10:45,525,TAB.COM.AU (1-3WIN)(250+RANK) HT2 RSDWHT,6,MEPUNGA FELIX,J. BRITTON,3.30,1.40,1,LILY POTTER,L. COCKERELL,-,1.40,5,ROCKSTAR CARMODY,A. DAILLY,-,1.30,7,ASTON ATHENA,T. WOMANN,-,-,"4,600","2,117","1,804",692,"3,815","3,705",151,-,1-6,5.00,6-1,12.50,6-1-5,47.80,6-1-5-7,177.50
0,SR,Canterbury,10:50,1200,HYLAND RACE COLOURS HANDICAP 2YF MDN HCP,5,BELLEVUE STAR,TIM CLARK,5.90,1.70,3,ELIZABEEL,ROBBIE DOLAN (A1.5),-,1.30,1,KIKU,BRENTON AVDULLA,-,1.20,8,WILD IRISH,GLEN BOSS,-,-,16.9K,"8,182","6,351","2,348",10.4K,"9,188","1,873",30.6K,3-5,12.30,5-3,43.10,5-3-1,74.20,5-3-1-8,363.10
1,AD,Murray Bridge,10:55,300,DAISH IRRIGATION AND FODDER MAIDEN STAKE MDN,6,WHEEL BURNER,M. STEWART,3.10,1.20,7,TIBETAN,R. HARNAS,-,2.60,2,FLORAL NOTES,D. ANDERSON,-,-,1,CAWBOURNE HORSE,L. RASMUSSEN,-,-,"4,327","1,330","1,098",332,"2,215","2,784",20,-,6-7,6.10,6-7,12.40,6-7-2,60.40,6-7-2-1,96.20
0,MR,Bendigo,11:00,1100,HYGAIN 2YO HANDICAP 2Y HCP,2,THE LAST CHARGE,BEAU MERTENS,9.40,2.60,9,RIVER TWAIN,DAMIEN OLIVER,-,3.50,11,TAYLOR'S DREAM,JYE MCNEIL,-,2.40,5,MASTER BARTHOLDI,BRETT PREBBLE,-,-,25.1K,15K,11.3K,"3,615",20.8K,12.3K,"5,579",79.5K,2-9,55.30,2-9,90.70,2-9-11,1059.20,2-9-11-5,2833.10
2,MDB,The Meadows,11:04,525,MEADOWS CONFERENCE & EVENTS CENTRE MX 6/7,8,SECRET CHIMP,G. BERRY,4.50,1.30,2,GRIME TIME ZEUS,G. MANNION,-,3.20,7,DIAMOND CARTEL,C. FULFORD,-,2.70,6,SIXTIES ROCKER,R. MOORE,-,-,"3,948","1,333","1,209",621,"3,927","4,452",84,-,2-8,49.90,8-2,68.10,8-2-7,321.10,8-2-7-6,960.30
3,BR,Doomben,11:08,1200,GENERAL NEDIYM MAIDEN PLATE MDN-SW,4,DAULAT TAI PANAZIZ,MARK DU PLESSIS,4.60,1.80,8,AROSEFORZOU,DALE SMITH,-,6.70,10,KOKOPO KITTY,LUKE TARRANT,-,2.40,13,GEOVANNI (EM1),ANTHONY ALLEN,-,-,13.4K,"8,272","4,418","1,380","9,206","6,379","1,157",-,4-8,90.10,4-8,100.30,4-8-10,779.00,"4-8-10-13
                                            Partial C/O","4905.20
                                            (1259.30)"
2,AD,Murray Bridge,11:12,300,SKY RACING STAKE GR6,7,HELLO BEAUTIFUL,B. STAMENKOVIC,1.40,1.04,6,BABY BROOKE,A. MIEGEL,-,2.30,4,NIGHT GLOW,K. BEWLEY,-,-,8,AMERICAN MOVIE,J. HAAGMANS,-,-,"2,175",763,556,540,"1,842","2,891",5,-,6-7,3.30,7-6,4.10,7-6-4,11.50,7-6-4-8,13.70
0,MTX,Stawell,11:18,2180,STAWELL WINDOWS & GLASS 3YO & OLDER TROT 3Y AND OLDER,5,MAORI AMOUR,PADDY MEADE,7.10,3.00,3,INDEFENSIBLE,GRANT CAMPBELL,-,1.90,4,MAJESTIC ACHIEVER (NZ),ASHLEY AINSWORTH,-,-,8,WISP OF SMOKE,JASON LEE,-,-,"2,734","1,000",769,393,"2,954","3,234",259,"4,561",3-5,20.40,5-3,20.80,5-3-4,325.10,5-3-4-8,582.10
3,MDB,The Meadows,11:22,525,TOP CAT VIDEO HT1 GR5 HT,4,BUBBLES,K. LEEK,3.70,2.00,5,IAGO BALE,A. DAILLY,-,1.10,7,TIGGERLONG GINGA,S. GRENFELL,-,-,8,SUVLA BAY,B. REID,-,-,"3,589","1,355",937,560,"2,508","2,550",39,-,4-5,2.80,4-5,7.20,4-5-7,25.60,4-5-7-8,86.60
1,SR,Canterbury,11:25,1200,TOO DARN HOT @ DARLEY HANDICAP 2YCG MDN HCP,4,SAUVESTRE,BRENTON AVDULLA,11.70,3.30,3,INVEIGLE,TIM CLARK,-,1.70,6,SWITCH PLAY (NZ),SAM CLIPPERTON,-,7.30,1,ACHIEVER,NASH RAWILLER,-,-,15.1K,"7,630","5,121","1,512","8,116","8,071","1,556",-,3-4,28.00,4-3,70.90,4-3-6,853.60,4-3-6-1,3309.90
3,AD,Murray Bridge,11:30,300,METRO ROLLER DOORS STAKE GR6,1,KISSES FOR CHLOE,R. FEWINGS,1.10,1.04,4,GEMTREE ABLAZE,I. REHMANN,-,2.70,6,BOTTLED FURY,T. HINRICHSEN,-,-,8,SLEEPWALK DANCE,J. HAAGMANS,-,-,"3,610","1,535",916,683,"2,527","5,697",6,-,1-4,3.10,1-4,3.70,1-4-6,12.00,1-4-6-8,25.40
1,MR,Bendigo,11:35,1000,THE BIG SCREEN COMPANY MAIDEN PLATE MDN-SW,11,MONETIZING,DAMIEN OLIVER,1.60,1.20,5,DYNAMIC DUO,JAKE NOONAN,-,1.20,3,LIVE LIKE,JAMIE KAH,-,2.00,2,ALL STARR COURAGE,JORDAN CHILDS,-,-,22.1K,"8,762","9,774","3,412",26.7K,23.9K,"3,940",-,5-11,1.50,11-5,2.30,11-5-3,6.10,11-5-3-2,22.60
4,MDB,The Meadows,11:39,525,TAB MULTIPLIER HT2 GR5 HT,2,ELVISA BALE,A. DAILLY,10.70,4.00,8,SHANLYN ROSE,D. KLEMKE,-,3.10,4,DUNDEE JOKER,G. SCOTT-SMITH,-,-,3,TOBY TIME,A. AZZOPARDI,-,-,"3,495","1,309","1,274",678,"3,886","4,912",91,"5,069",2-8,39.80,2-8,48.80,2-8-4,539.80,2-8-4-3,1381.10
4,BR,Doomben,11:43,1350,MOSSMAN QTIS THREE-YEARS-OLD HANDICAP 3Y  HCP,2,SHADOW OF TIME,DALE SMITH,3.10,1.90,5,REBEL ROCK,TAYLOR MARSHALL,-,2.00,6,FLAME PRINCESS,LUKE TARRANT,-,-,9,ISABELLA'S SPRING,COREY BAYLISS (A),-,-,14.8K,"4,655","4,959","1,249","8,510",17.3K,"1,217",-,2-5,2.60,2-5,5.00,2-5-6,18.00,2-5-6-9,109.40
4,AD,Murray Bridge,11:47,300,MURRAY BRIDGE COMMUNITY CLUB STAKE GR6,1,JABARI,N. MANN,2.30,1.80,4,CAWBOURNE TOE,T. RASMUSSEN,-,1.20,2,SNEAKY OPTION,D. TURNER,-,-,7,LASER GUY,I. REHMANN,-,-,"4,971","1,133",957,418,"2,025","2,652",17,217,1-4,2.80,1-4,5.50,1-4-2,20.60,1-4-2-7,41.70
0,AR,Mount Gambier,11:50,900,DO IT YOURSELF FENCING / SABOIS MAIDEN PLATE MDN-SW,1,RANGER FRANK,SHAYNE CAHILL,-,4.50,4,FREE TO DANCE,DYLAN CABOCHE (A),-,-,6,WYNTER LADY,ANNA JORDSJO (A),-,-,5,QUIP,TEAGAN VOORHAM (A1.5),-,-,12.8K,Aban.,"1,229",703,"2,795","5,373",815,"8,646",1-4,3.40,1-4,11.60,1-4-6,14.20,1-4-6-5,20.00
1,MTX,Stawell,11:53,2180,STAWELL NEWSAGENCY TROT NR 52 TO 65,4,GUS AN MAORI,SOFIA ARVIDSSON,2.20,1.30,3,DOWN UNDER EARL,JACKIE BARKER,-,1.80,5,ICICLE,MICHAEL BELLMAN,-,1.80,8,DEFENCE GOT JUMPED,GRANT CAMPBELL,-,-,"5,410","1,759","1,441",734,"3,477","4,086",270,-,3-4,14.50,4-3,19.70,4-3-5,77.50,4-3-5-8,1678.80
5,MDB,The Meadows,11:57,600,HOME OF TEN GROUP 1'S MX 6/7,4,INDULGE,N. CACHIA,6.00,2.30,8,FAIRYTALE WISH,S. CACHIA,-,2.00,3,WAKE UP,P. MATHIESON,-,15.70,1,FINE TACTICS,S. COMBRIDGE,-,-,"4,981","2,104","1,728",853,"4,558","3,775",224,-,4-8,11.80,4-8,31.10,4-8-3,647.70,4-8-3-1,2789.50
2,SR,Canterbury,12:00,1550,STAR TURN @ VINERY HANDICAP 3Y MDN HCP,8,SHUHOOD,TIM CLARK,6.00,2.10,7,PERFECT IMPRESSION,NASH RAWILLER,-,1.80,10,RATHVILLY MISS,TOMMY BERRY,-,2.00,2,BOB'S YOUR UNCLE,SAM CLIPPERTON,-,-,21.1K,10.5K,"7,025","2,148",10.5K,10.7K,"2,032",-,7-8,8.40,8-7,19.10,8-7-10,115.10,8-7-10-2,1076.20
5,AD,Murray Bridge,12:05,350,MONTEITH MEATS STAKE GR6,8,FOOTROT FOSSE,B. STAMENKOVIC,1.70,1.04,7,HOT SAMBUCA,T. RASMUSSEN,-,4.30,6,CAWBOURNE TERRY,T. RASMUSSEN,-,-,3,VICTA NORMAN,M. GINIOTIS,-,-,"3,392","1,252","1,305",689,"2,810","3,335",91,-,7-8,6.40,8-7,5.80,8-7-6,15.90,8-7-6-3,69.00
2,MR,Bendigo,12:10,1000,SMARTLINE FINANCE 3YO BM70 HANDICAP 3Y BM70 HCP,4,MASKED CRUSADER,JAMES WINKS,1.70,1.10,1,IDIDITFORLOVE,LAURA LAFFERTY (A2.0),-,2.30,7,KIATA,REGAN BAYLISS,-,1.70,5,BRAY STREET BOSS,JAMIE KAH,-,-,31K,13.7K,12.4K,"4,910",27K,23.2K,"5,896",-,1-4,7.80,4-1,9.60,4-1-7,35.30,4-1-7-5,285.50
6,MDB,The Meadows,12:14,525,DOWNLOAD THE NEW WATCHDOG APP HT3 GR5 HT,1,TOUGH TEARS,R. BRITTON,1.80,1.04,3,SEVEN ENEMIES,D. KLEMKE,-,6.40,4,ZIPPING ATTICUS,D. GEALL,-,-,8,ZEKEL BALE,S. GRENFELL,-,-,"4,910","1,710","1,651","1,027","3,924","5,512",182,-,1-3,14.10,1-3,22.90,1-3-4,71.90,1-3-4-8,233.40
5,BR,Doomben,12:18,1350,WRITTEN TYCOON CLASS 1 PLATE CL1-SW,3,MUSIC AWARD,TAYLOR MARSHALL,12.80,3.00,7,COME IN SPINNER (NZ),SEAN CORMACK,-,3.10,1,STAYING BLACK (NZ),JAMES ORMAN,-,1.90,10,PULL ANCHOR,BAYLEE NOTHDURFT (A),-,-,16.8K,"7,580","6,906","1,967",13.4K,11.3K,"1,312",-,3-7,77.40,3-7,158.80,3-7-1,919.50,3-7-1-10,2394.40
6,AD,Murray Bridge,12:22,300,RURAL CITY OF MURRAY BRIDGE STAKE GR5,8,WINSOME BAILEY,T. RASMUSSEN,7.50,2.00,5,WHAT A WISH,L. RASMUSSEN,-,2.20,6,CAWBOURNE GET UP,L. RASMUSSEN,-,1.40,2,SPRING WARATAH,R. FLETCHER,-,-,"4,621","1,424","1,315",583,"2,866","3,371",9,-,5-8,34.40,8-5,53.40,8-5-6,155.80,8-5-6-2,413.00
1,AR,Mount Gambier,12:25,1200,THE MIDFIELD GROUP / SABOIS MAIDEN PLATE MDN-SW,2,KNAVESMIRE,TEAGAN VOORHAM (A1.5),4.60,2.60,1,FENCELINE,SHAYNE CAHILL,-,1.50,4,BACK IN ACTION,CAITLIN JONES (A),-,-,3,VARACALLI LAD,LACHLAN NEINDORF (A1.5),-,-,19K,"4,978","4,072","1,169","4,984","5,367",781,-,1-2,3.30,2-1,6.30,2-1-4,33.10,2-1-4-3,81.90
2,MTX,Stawell,12:28,1785,CHRIS N DI'S BAKERY PACE NR 45 TO 50 PACE,4,FLAMING LUCKY,JASON AINSWORTH,9.50,2.20,10,ASHARAH,ASHLEY AINSWORTH,-,2.80,6,A VAPAR STORM,JAMES HERBERTSON,-,1.04,1,SHEZAROCKNROLLIN,GRANT CAMPBELL,-,-,"3,937","1,778",633,437,"3,252","3,174",221,-,4-10,50.30,4-10,88.70,4-10-6,249.70,4-10-6-1,1226.00
7,MDB,The Meadows,12:32,600,FEIKUAI GREYHOUNDS MX 4/5,2,BLUE SHADOWS,D. GEALL,2.60,1.40,4,ROCKSTAR GARETH,A. DAILLY,-,1.80,6,ROCKSTAR QUINN,A. DAILLY,-,1.90,3,KISS ME RAZLEY,G. MANNION,-,-,"4,329","1,523","2,099",694,"4,244","4,533",82,-,2-4,6.20,2-4,9.20,2-4-6,58.50,2-4-6-3,410.80
3,SR,Canterbury,12:35,1900,IRON JACK HANDICAP BM70 HCP,7,MIYAKE,BRENTON AVDULLA,7.00,2.20,6,FLINDERS,JAMES MCDONALD,-,1.50,1,HARPO MARX (IRE),TIM CLARK,-,4.00,4,MAYBACH,ADAM HYERONIMUS,-,-,20.4K,10.6K,"6,439","1,923",13.1K,10.3K,"1,727",-,6-7,9.40,7-6,19.60,7-6-1,148.50,7-6-1-4,812.80
0,PR,Ascot,12:39,1400,SEACORP HANDICAP 3Y 0MWLY 54+ HCP,4,TRADENSIA,KYRA YUILL,1.90,1.04,3,CARABINIER,CRAIG STAPLES,-,6.50,1,POWER OF ST GEORGE,CHLOE AZZOPARDI (A2.0),-,-,6,MISSALFIE,JASON WHITING,-,-,11.1K,"4,052","4,097","1,069","6,859","6,715",670,15.1K,3-4,11.50,4-3,19.20,4-3-1,33.40,4-3-1-6,113.30
7,AD,Murray Bridge,12:42,300,YOU. ME. 6 WEEKS. MIXED STAKE 3/4/5,6,DIAMOND HEART,L. RASMUSSEN,1.80,1.60,7,DEMOLISHER,D. ANDERSON,-,2.00,3,KING JEREMY,T. BRADLEY,-,2.70,5,NIRIMBA PIRATE,L. RASMUSSEN,-,-,"2,387",823,"1,565",191,"1,827","1,858",28,-,6-7,13.10,6-7,8.30,6-7-3,69.50,6-7-3-5,367.20
3,MR,Bendigo,12:45,1300,BET365 TOP TOTES PLUS 3YO FILLIES BM70 HCP 3YF BM70 HCP,2,LUNAKORN,MARK ZAHRA,1.70,1.20,3,TALENTED,DEAN YENDALL,-,2.40,1,HINT OF MINT,CAMPBELL RAWILLER (A2.0),-,1.90,4,LITTLE MERMAID,BILLY EGAN,-,-,35.2K,18.2K,11.7K,"4,352",26.6K,21.9K,"4,416",-,2-3,10.40,2-3,12.20,2-3-1,47.10,2-3-1-4,89.60
8,MDB,The Meadows,12:49,525,PARTY ON THE DECK MX 4/5,4,KING COLT,G. SCOTT-SMITH,1.40,1.00,8,ROLLO RAGNAR,T. CURTAIN,-,1.80,5,MILLY MAC,J. MCINTYRE,-,-,7,SMART MARY,J. FREWIN,-,-,"3,531","1,499","1,664",803,"4,004","5,133",63,-,4-8,1.20,4-8,2.50,4-8-5,8.20,4-8-5-7,22.90
6,BR,Doomben,12:53,1650,LION HUNTER BENCHMARK 65 HANDICAP BM65 HCP,10,COULDN'T REFUSE,MARK DU PLESSIS,3.50,1.40,4,ENTERPRISE JACK,SEAN CORMACK,-,2.10,5,JOYMAKER,JAMES ORMAN,-,2.50,8,SUNNY ST CLOUD,BRAD STEWART,-,-,27.2K,16K,10.1K,"2,425",16.1K,10.2K,"1,358",50.3K,4-10,14.10,10-4,25.10,10-4-5,126.20,10-4-5-8,1434.60
8,AD,Murray Bridge,12:57,300,KURT DONSBERG PHOTOGRAPHY STAKE GR6,7,CRAGGY ISLAND,R. FEWINGS,2.00,1.10,8,TILLY'S CHARM,B. STAMENKOVIC,-,1.60,3,DANYO'S MAZIE,A. MIEGEL,-,1.80,4,DOUBLE ATTITUDE,D. TURNER,-,-,"2,492",929,558,551,"2,439","2,615",34,-,7-8,1.90,7-8,3.50,7-8-3,20.70,7-8-3-4,105.80
2,AR,Mount Gambier,13:00,1550,DISTRICT COUNCIL OF GRANT / SABOIS MAIDEN PLATE MDN-SW,4,SUPERHOOPS,LACHLAN NEINDORF (A1.5),8.50,2.10,6,STRYKER STAR,CAITLIN JONES (A),-,3.70,8,EURO FLASH,ERAN BOYD,-,2.00,2,PROVOCATIVE MAN,RYAN HURDLE,-,-,"7,646","3,518","1,998",882,"4,757","3,264",530,-,4-6,48.80,4-6,83.10,4-6-8,831.30,4-6-8-2,2465.00
3,MTX,Stawell,13:03,2180,BI-RITE ELECTRICAL 3YO PACE NR 46 TO 55 PACE,8,JILLIBY ZAGAMI,GLEN CRAVEN,4.40,1.40,2,THE SPORTZ STAR,KERRYN MANNING,-,2.30,9,MORRISONS DREAM,JAMES HERBERTSON,-,1.10,5,SHE WILL WANTANO,MICHAEL BELLMAN,-,-,"3,920","1,639","1,169",557,"3,534","3,554",300,-,2-8,35.60,8-2,52.30,8-2-9,154.40,8-2-9-5,313.40
0,CRB,Darwin,13:05,1300,SITZLER TROBIS HANDICAP CL2 HCP,1,PASEETO,JARROD TODD,3.20,1.30,6,CALL ME LEGEND,TERRY TREICHEL,-,1.50,2,COUNT OF ESSEX,PAUL SHIERS,-,1.70,4,CINOMENM,WAYNE DAVIS,-,-,"4,236","1,547","1,650",279,"3,015","2,363",260,-,1-6,3.60,1-6,8.70,1-6-2,19.10,1-6-2-4,79.60
9,MDB,The Meadows,13:07,525,THEMEADOWS.ORG.AU HT4 GR5 HT,1,ZIPPING HAMISH,C. JONES,3.20,1.20,5,FEARLESS,J. BARBARA,-,1.70,7,ATLANTIC JEWEL,G. BERRY,-,-,2,ERNESTO BALE,C. GRENFELL,-,-,"2,821",782,759,475,"1,942","2,294",147,-,1-5,2.00,1-5,5.20,1-5-7,21.30,1-5-7-2,65.70
4,SR,Canterbury,13:10,1550,SKY RACING ACTIVE HANDICAP F&M BM72 HCP,2,LOVESEAT (NZ),HUGH BOWMAN,4.10,1.20,3,REGIMENTAL BAND,JAMES MCDONALD,-,1.60,9,BENFICA MAID,GLEN BOSS,-,2.30,7,ACCOY,RACHEL KING,-,-,20.8K,12.5K,"7,575","2,603",11.1K,10.4K,"1,471",78K,2-3,10.10,2-3,20.60,2-3-9,119.10,2-3-9-7,921.40
1,PR,Ascot,13:14,1400,TABTOUCH BETTER YOUR BET MAIDEN 2UP MDN SW,2,IMPERIALISM,WILLIAM PIKE,3.60,1.30,6,ROMAN FLIRT,CHRIS GRAHAM (A3.0),-,2.20,1,HOMELINE,KYRA YUILL,-,39.40,10,OCEAN CANDY,CLINT JOHNSTON-PORTER,-,-,15K,"8,477","4,194","1,429",10.5K,"7,458","1,102",-,2-6,4.70,2-6,10.00,2-6-1,382.50,2-6-1-10,2607.20
9,AD,Murray Bridge,13:17,300,FOLLOW THEDOGSSA ON TWITTER (N/P) STAKE N/P,8,DUNKIRK,M. PAYNE,3.70,1.80,2,EMERLEY JOSE,L. BATES,-,4.70,4,GEMTREE DYNAMO,I. REHMANN,-,-,3,ZOOMETRICAL,T. SARGENT,-,-,"1,338",482,433,143,"1,123",978,-,-,2-8,49.00,8-2,34.50,8-2-4,191.50,8-2-4-3,533.60
4,MR,Bendigo,13:20,1300,DEARAUGO AND LEA ELECTRICAL BM64 HANDICAP BM64 HCP,3,REINE HAPPY,KIRAN QUILTY (A4.0),33.50,7.00,8,EVENING GLORY,MARK ZAHRA,-,1.80,5,BLENDERS EDITION,DAMIEN OLIVER,-,2.20,2,MICKEY BLUE EYES,WILL PRICE (A1.5),-,-,30.7K,19.9K,11K,"3,169",19.9K,11K,"6,339",256K,3-8,44.60,3-8,139.30,3-8-5,1221.50,3-8-5-2,4725.90
10,MDB,The Meadows,13:24,525,JOIN THE 525 CLUB NOW HT5 GR5 HT,2,WALLBANGER,A. LANGTON,-,1.04,1,ANGIE LING,S. BAUER,-,-,8,CHILL OUT WEBBY,J. CHILCOTT,-,-,7,CRACKERJACK DAZA,D. WEBBER,-,-,"6,980",Aban.,675,419,"1,960","2,261",-,-,1-2,2.40,2-1,2.60,2-1-8,4.90,2-1-8-7,4.00
7,BR,Doomben,13:28,1050,BRAVE WARRIOR BENCHMARK 62 HANDICAP BM62 HCP,12,DON'TDIE WONDERING,MARK DU PLESSIS,6.50,2.80,4,THE WILD ONE,STEPHANIE THORNTON (A),-,1.40,8,CAILINI,BAYLEE NOTHDURFT (A),-,1.70,13,SKYE AND ME (EM1),JUSTIN HUXTABLE (A),-,-,22.5K,11.6K,"8,571","2,562",15.7K,12.5K,"1,105",-,4-12,13.40,12-4,23.90,12-4-8,106.40,12-4-8-13,1603.10
0,SDX,Grafton,13:32,305,LADBROKES MAIDEN MDN,1,LIZARD LICKER,R. ULRICK,6.90,1.60,7,PRETTY PAWS,J. CORRIGAN,-,2.00,2,CLOVER POPPA,C. SUPPLE,-,5.40,5,DANIELA WALSH,K. BATES,-,-,"3,153",968,931,334,"1,832","1,148",1,88,1-7,19.80,1-7,20.60,1-7-2,270.20,1-7-2-5,726.70
3,AR,Mount Gambier,13:35,1800,SCOTT GROUP OF COMPANIES BENCHMARK 68 HANDICAP (HEAT 12 PROV BM68 HCP HEAT 12 PROVINCIAL SU,4,HASTA LA FIORENTE,TEAGAN VOORHAM (A1.5),2.70,1.90,3,DESIDERO,LACHLAN NEINDORF (A1.5),-,1.60,2,EMIL,SHAYNE CAHILL,-,-,1,MISTA HOLYFIELD,RYAN HURDLE,-,-,10.2K,"2,300","1,984",869,"3,765","4,172",488,17.3K,3-4,3.00,4-3,4.60,4-3-2,11.50,4-3-2-1,15.50
4,MTX,Stawell,13:38,1785,HYGAIN FEEDS PACE NR 51 TO 54 PACE,8,RAZS VEYRON,GRANT CAMPBELL,4.70,1.40,1,WANTED LADY,JAMES HERBERTSON,-,1.04,6,GIRLS IN CHARGE,MICHAEL BELLMAN,-,3.00,9,ESSPE SUPREME,JASON AINSWORTH,-,-,"4,398","2,332","1,114",677,"4,132","4,107",273,10.4K,1-8,2.60,8-1,5.60,8-1-6,44.00,8-1-6-9,214.50
1,CRB,Darwin,13:40,1300,SILKS HANDICAP BM76 HCP,1,HIGH COST,TERRY TREICHEL,2.00,2.00,3,TYCOON DANCER,PAUL SHIERS,-,1.04,5,MEAZZA,KIM GLADWIN,-,-,6,CHARLIE CAT,VANESSA ARNOTT,-,-,"8,266","1,967","1,475",418,"1,978","2,223",88,"1,696",1-3,2.40,1-3,7.00,1-3-5,34.00,1-3-5-6,102.20
0,BDX,Albion Park,13:42,395,SENNACHIE @ STUD - STEVE WHITE MDN HT,4,STAND IN MAIL,M. HEILBRONN,6.10,2.20,5,SPECIAL BILL,C. ELSON,-,1.20,8,TZARDOM,A. OSHYER,-,-,2,REAL DEMON,J. HENZELL,-,-,"1,507",207,387,173,824,"1,006",4,52,4-5,5.70,4-5,38.20,4-5-8,65.40,4-5-8-2,259.90
5,SR,Canterbury,13:45,1550,SCHWEPPES HANDICAP CG&E BM72 HCP,4,THE CARTOONIST,RACHEL KING,7.70,2.00,1,COME ALONG (NZ),JOSHUA PARR,-,1.70,8,DERBARI,ROBBIE DOLAN (A1.5),-,1.60,9,ZIDANE,BLAKE SPRIGGS,-,-,26.3K,12.8K,"8,205","2,295",12.1K,10.4K,"1,625",-,1-4,15.20,4-1,35.10,4-1-8,191.20,4-1-8-9,1904.10
2,PR,Ascot,13:49,1000,SCHWEPPES HANDICAP CL1 50+ HCP,6,MISS FROST,MITCHELL PATEMAN,1.60,1.40,5,ROCK THE PLANET,SIMONE ALTIERI,-,2.60,2,WESTERNIZE,CHLOE AZZOPARDI (A2.0),-,1.50,4,MAKFI AMOUR (NZ),JERRY NOSKE,-,-,17.1K,13K,"4,859","2,643",11.9K,11.2K,"1,128",-,5-6,13.50,6-5,16.20,6-5-2,32.00,6-5-2-4,217.50
1,SDX,Grafton,13:52,407,LADROKES CASH IN STAKES MDN,3,BATTLE,G. DART,3.50,1.40,2,DASHING THUNDER,S. KEMPSHALL,-,1.04,6,KALANG BEACH,T. RICE,-,2.10,7,TWEED GENERAL,M. JOHNSTON,-,-,"3,031","1,142",683,239,"2,424","1,953",1,-,2-3,3.70,3-2,4.30,3-2-6,35.00,3-2-6-7,371.90
5,MR,Bendigo,13:55,2400,JAYCO BM64 HANDICAP BM64 HCP,11,ANNA MAE (NZ),BEAU MERTENS,26.90,6.50,10,FIFTYONESTATES,MICHAEL DEE,-,2.60,6,DON'T MAKE ME WAIT,JACK HILL,-,2.50,4,YULONG CAPTAIN (IRE),DANIEL STACKHOUSE,-,-,37.2K,21.9K,11.1K,"4,130",23.9K,15.2K,"8,679",-,10-11,111.80,11-10,182.30,11-10-6,3199.10,11-10-6-4,7342.70
1,BDX,Albion Park,13:59,395,SELL YOUR CAR @ MOTORHUB MDN HT,3,SPECIAL WAS IT,C. ELSON,2.20,1.20,1,DEB'S BLUE BOY,W. SPANN,-,2.40,2,NOIR ROYALE,J. CRAWFORD,-,-,6,HEAD ON BELLA,J. HILL,-,-,"3,236","1,028",629,349,"2,317","2,515",14,-,1-3,4.00,3-1,6.40,3-1-2,11.50,3-1-2-6,79.10
8,BR,Doomben,14:03,1200,SHOW A HEART BENCHMARK 75 HANDICAP BM75 HCP,2,ALL IMPORTANT,ANTHONY ALLEN,7.50,2.30,5,RAMTASTIC,JAMES ORMAN,-,1.90,8,HOLLABACK GIRL,ALANNAH FANCOURT,-,2.60,3,BERING SEA,BRAD STEWART,-,-,28.9K,15.1K,"8,471","2,347",14.7K,"9,064","2,009",-,2-5,19.00,2-5,48.10,2-5-8,134.00,2-5-8-3,1496.80
2,SDX,Grafton,14:07,305,LADBROKES ODDS BOOST STAKES GR5,8,DAWN'S DREAM,G. MORSCHEL,4.60,1.40,1,RIPPLE RIVER,S. KEEP,-,1.30,4,KINGSBRAE WILMA,E. PATTON,-,2.20,2,BOWIE BONUS,E. HARRIS,-,-,"2,556",846,435,405,"2,770","1,447",8,-,1-8,9.30,8-1,11.60,8-1-4,58.90,8-1-4-2,178.40
4,AR,Mount Gambier,14:10,1400,CARLTON DRAUGHT CLASS TWO HANDICAP (HEAT 12 AUTUMN SERIES) CL2 HCP HEAT 12 AUTUMN SERIES,1,WILD COLONIAL BOY,LACHLAN NEINDORF (A1.5),2.60,1.60,3,BOSSY BRITCHES,CAITLIN JONES (A),-,1.90,2,BROTHER NED,TEAGAN VOORHAM (A1.5),-,-,4,YIN AND YANG,SHAYNE CAHILL,-,-,13.5K,"3,624","2,273","2,189","6,062","7,030","1,024",-,1-3,5.00,1-3,8.70,1-3-2,25.40,1-3-2-4,31.60
5,MTX,Stawell,14:13,1785,"TAB, LONG MAY WE PLAY PACE NR 55 TO 60 PACE",10,HOOK EYE JOH,JACKIE BARKER,3.10,1.60,4,JOHN RICHARD,GRANT CAMPBELL,-,1.60,9,HUGO ROCKS,JAMES HERBERTSON,-,1.04,5,JOHNNY REDCOAT,ROD BARKER,-,-,"3,504","1,656","1,401",797,"3,606","3,542",246,-,4-10,11.90,10-4,20.30,10-4-9,37.60,10-4-9-5,228.60
2,CRB,Darwin,14:15,1200,MITTYS HANDICAP BM54 HCP,8,FIRE 'N' VICE,VANESSA ARNOTT,7.50,1.80,1,DEFENCE ATTORNEY,PAUL SHIERS,-,1.70,2,DUNKIRK,KIM GLADWIN,-,2.00,4,IRON CURTAIN,BRENDON DAVIS,-,-,"8,905","2,538","1,443",820,"3,577","3,287",110,-,1-8,13.50,8-1,17.00,8-1-2,116.30,8-1-2-4,1439.40
2,BDX,Albion Park,14:17,395,GARRARD'S HORSE AND HOUND NOV,1,HARA'S OLAF,N. RUSSELL,1.80,1.04,2,LITTLE ENGINE,S. LAWRANCE,-,1.40,4,TAKE ALL,G. BOWE,-,1.20,3,TROUNCED,K. OLLERTON,-,-,"2,424",798,788,307,"2,603","2,218",35,-,1-2,4.70,1-2,5.60,1-2-4,19.40,1-2-4-3,93.60
6,SR,Canterbury,14:20,1100,TAB HANDICAP BM74 HCP,10,LESAGE,NASH RAWILLER,3.60,1.90,7,ADELONG,JAMES MCDONALD,-,1.30,1,OAKFIELD TWILIGHT,JEAN VAN OVERMEIRE (A1.5),-,-,3,BLAZING MISS,ROBBIE DOLAN (A1.5),-,-,14.3K,"6,067","5,205","3,056",10.3K,"9,707","3,597",-,7-10,2.20,10-7,6.20,10-7-1,26.30,10-7-1-3,61.60
3,PR,Ascot,14:24,1600,DEVIL'S LAIR HANDICAP 0MWLY 60+ HCP,3,DIVINE SHADOW,WILLIAM PIKE,2.60,1.40,2,TOLLMAN,MITCHELL PATEMAN,-,1.40,8,PINK 'N' GRAY,KYRA YUILL,-,2.10,5,VITAL BLAST,SHAUN O'DONNELL,-,-,23.5K,12.1K,"6,568","2,888",17K,12.4K,"1,117",-,2-3,3.40,3-2,5.80,3-2-8,28.50,3-2-8-5,133.30
3,SDX,Grafton,14:27,305,LADBROKES PROTEST PAYOUT STKS GR5,5,HAAS,J. GALLAWAY,4.70,1.50,1,PASS THE SAUCE,A. MONAGHAN,-,1.04,2,SAIL ALONE,J. ANTONELLI,-,1.60,8,MANNY SAID,R. GARDOLL,-,-,"3,377","1,345",660,487,"2,767","1,656",6,-,1-5,5.90,5-1,26.00,5-1-2,38.20,5-1-2-8,130.20
6,MR,Bendigo,14:30,1100,AVIS CAR AND TRUCK RENTAL BM78 HANDICAP BM78 HCP,7,REWARD WITH RETURN,MADISON LLOYD (A2.0),28.70,4.90,4,LEITER,JAMES WINKS,-,1.80,9,ROSSMAN,BILLY EGAN,-,3.70,10,OREGON DREAMER (NZ),JAMIE KAH,-,-,41K,21.9K,15.5K,"5,577",34.9K,19.3K,17.5K,-,4-7,47.30,7-4,128.90,7-4-9,1528.50,7-4-9-10,8003.70
3,BDX,Albion Park,14:37,331,ASSET BODY CORPORATE BRIBIE ISLAND GR5,2,SUPER CUTE,D. FITZGERALD,5.20,2.90,3,INSTAFAMOUS,J. BOWE,-,5.20,8,PATIENT WALLY,C. KRATZMANN,-,-,1,KID SUNRISE,K. OLLERTON,-,-,"5,950","2,114","2,229",720,"3,671","3,695",21,-,2-3,27.50,2-3,55.50,2-3-8,168.90,2-3-8-1,1496.10
9,BR,Doomben,14:38,1200,XXXX DRY BENCHMARK 62 HANDICAP BM62 HCP,8,FEARLESS QUEEN,DALE SMITH,7.10,2.00,2,FEARNLEY,BRAD STEWART,-,1.60,9,DEVILLAIN,ADIN THOMPSON (A),-,5.30,7,HEART VANDELAY,MICHEAL HELLYER,-,-,29.3K,10.5K,"7,674","3,312",17.7K,11.3K,-,-,2-8,8.50,8-2,28.20,8-2-9,317.30,8-2-9-7,1510.80
4,SDX,Grafton,14:42,305,VILLAGE GREEN HOTEL STAKES GR5,1,DOWN PAW,N. CREIGHTON,5.20,1.40,2,STOP AN' PAWS,N. CREIGHTON,-,3.10,5,BOKARM NORA,D. KING,-,1.90,4,HAY MY WAY,S. BEDDOES,-,-,819,372,137,131,546,439,49,206,1-2,3.90,1-2,34.90,1-2-5,105.30,1-2-5-4,543.40
5,AR,Mount Gambier,14:45,1200,TAB BENCHMARK 62 HANDICAP BM62 HCP,3,BROBAK,SOPHIE LOGAN (A2.0),10.00,2.80,6,AUSSIE JACK,SHAYNE CAHILL,-,2.00,4,OLATUNJI,JEFFREY MAUND,-,2.10,2,BEEOKAY,ANNA JORDSJO (A),-,-,20.1K,"8,150","4,465","1,513","6,786","4,356","1,615",-,3-6,14.30,3-6,28.90,3-6-4,303.20,3-6-4-2,1022.10
6,MTX,Stawell,14:48,2180,TALQUIST TREES PACE NR 68 TO 79 PACE,2,ROMERO,KERRYN MANNING,1.80,1.50,8,ONTHECRESTOFAWAVE,GRANT CAMPBELL,-,1.04,3,KEAYANG LIBERTY,JASON LEE,-,1.20,9,THE CULLECTOR,GLEN CRAVEN,-,-,"5,542","2,227","1,236",722,"3,844","5,076",333,-,2-8,4.10,2-8,8.10,2-8-3,12.80,2-8-3-9,24.30
3,CRB,Darwin,14:50,1200,DARWIN TURF CLUB HANDICAP 0 - 64 HCP,3,PATRIA,TERRY TREICHEL,4.10,2.20,6,TWILIGHT MANEUVER,BARRY HUPPATZ,-,5.50,1,DON'T WAIT,PAUL SHIERS,-,-,4,TREBLA,KIM GLADWIN,-,-,"8,734","2,020","1,678",708,"3,416","2,504",243,-,3-6,16.70,3-6,23.40,3-6-1,160.70,3-6-1-4,537.40
4,BDX,Albion Park,14:52,395,EXPAT LODGE BEST 8,2,JO JO,G. BOWE,1.70,1.04,5,COSMO BILL,C. ELSON,-,3.30,1,GOOD BOY IVAN,C. CASSIDY,-,-,8,DANIEL'S LOSS,M. EVANS,-,-,"2,906",937,681,453,"2,076","1,866",5,546,2-5,4.80,2-5,6.90,2-5-1,38.30,2-5-1-8,136.40
7,SR,Canterbury,14:55,1200,RANVET POWER FORMULA HANDICAP BM70 HCP,13,JAZETTE,GLEN BOSS,8.50,2.60,5,BEACH BABY,ROBBIE DOLAN (A1.5),-,2.10,9,WARFARE,TOMMY BERRY,-,2.20,10,RUTHLESS AGENT (NZ),SAM CLIPPERTON,-,-,29.5K,12.8K,12K,"4,176",19.1K,13.1K,-,-,5-13,16.50,13-5,35.20,13-5-9,177.70,13-5-9-10,2924.60
4,PR,Ascot,14:59,1600,CROWN PERTH HANDICAP CL1 50+ HCP,4,SHOES OF EKRAAR (NZ),CHRIS GRAHAM (A3.0),14.30,4.20,1,CABLE GUY,BRODIE KIRBY,-,8.90,8,GINGER FLYER,CHLOE AZZOPARDI (A2.0),-,2.10,9,BOMBARDMENT,LAQDAR RAMOLY (A3.0),-,-,27K,15.7K,"6,174","1,904",12.7K,"6,570","1,335",92.3K,1-4,279.10,4-1,510.40,4-1-8,2257.20,"4-1-8-9
                                            Partial C/O","10169.10
                                            (3773.51)"
5,SDX,Grafton,15:02,407,CLARENCE VALLEY SHEDS STKS GR5,8,TWO POINTS AWAY,A. MONAGHAN,3.90,1.40,5,BRODEC,P. MARSH,-,3.80,6,NAY GLEE,R. GARDOLL,-,1.60,1,WILFUL VALLEY,D. WINTERS,-,-,"4,354","2,007","1,150",703,"3,635","3,417",6,-,5-8,73.30,8-5,89.50,8-5-6,260.80,8-5-6-1,1260.30
7,MR,Bendigo,15:05,1600,THE BENDIGO CLEANING COMPANY BM78 HANDICAP BM78 HCP,7,AUSSIE NUGGET (IRE),JYE MCNEIL,3.90,1.70,4,GRINZINGER STAR (NZ),DAMIEN OLIVER,-,1.70,5,VUNGERS,NOEL CALLOW,-,1.40,3,BEA TEMPTED,LAURA LAFFERTY (A2.0),-,-,49.4K,21.8K,18.2K,"8,412",44.1K,31.9K,-,-,4-7,9.00,7-4,16.50,7-4-5,37.30,7-4-5-3,211.70
5,BDX,Albion Park,15:09,395,BOX 1 PHOTOGRAPHY GR5 HT,1,LOVELY STUNNER,G. CLEGG,1.90,1.20,2,TALGAI WARRIOR,G. BOWE,-,1.30,5,GIGGLING SAL,M. EVANS,-,2.30,6,TE KIEWA SUNRISE,P. GRAHAM,-,-,"4,461","1,415","1,497",632,"4,228","5,462",47,-,1-2,4.80,1-2,8.60,1-2-5,44.00,1-2-5-6,187.60
0,ST,Bathurst,15:12,1730,HARNESS BREEDERS NSW LADYSHIP PACE NR UP TO 55 PACE,6,ANGEL SHARK,DOUG HEWITT,2.10,1.20,7,LOTTA LAUGHS,JAKE DAVIS,-,1.80,5,SEISMIC,TOM PAY,-,1.80,8,NAVUA GIRL,AMANDA TURNBULL,-,-,"7,764","2,282","1,338",699,"3,931","3,807",123,"1,377",6-7,6.00,6-7,8.50,6-7-5,37.80,6-7-5-8,163.70
6,AR,Mount Gambier,15:14,1550,ELDERS MOUNT GAMBIER BENCHMARK 54 HANDICAP BM54 HCP,7,SPOTAKOVA,JEFFREY MAUND,10.80,3.20,1,L'AMARYBELLE,JACOB OPPERMAN (A4.0),-,3.30,9,BEAR ARMS,LIBBY HALLIDAY (A4.0),-,3.90,11,TEMEYEZ,TEAGAN VOORHAM (A1.5),-,-,20.4K,"9,185","5,911","2,756",15.4K,"9,322",-,-,1-7,30.00,7-1,131.60,7-1-9,824.40,7-1-9-11,4914.90
6,SDX,Grafton,15:20,407,CALDWELL ELECTRICAL STAKES GR5,3,VISTA INFERNO,K. MACKAY,22.80,4.00,5,CHANTICLEER,G. DART,-,1.30,4,JIMARY NITRO,M. ROSS,-,16.00,2,MR. BLASTER,C. MCPHEE,-,-,"5,017","2,259","1,059",606,"2,586","2,042",20,-,3-5,49.50,3-5,101.60,3-5-4,994.50,"3-5-4-2
                                            Partial C/O","3165.90
                                            (592.51)"
7,MTX,Stawell,15:23,1785,TRACKSIDE TAKEAWAY'S PACE NR 61 TO 67 PACE,7,GLENAVRIL KING,KERRYN MANNING,4.70,1.90,1,MORNINGS,DAMIEN BURNS,-,1.30,10,CYRILISCIOUS,JAMES HERBERTSON,-,1.40,8,BAYVIEW HARBOUR,SOFIA ARVIDSSON,-,-,"7,463","3,129","2,092","1,340","4,787","5,236",-,-,1-7,6.50,7-1,11.70,7-1-10,52.10,7-1-10-8,270.50
4,CRB,Darwin,15:28,1100,TAB HANDICAP 0 - 58 HCP,4,PRINCE PLANET,TERRY TREICHEL,5.00,2.60,2,BLACK HAZE,KIM GLADWIN,-,3.50,3,EXTOLMENT,JARROD TODD,-,-,1,TORNADO OF SOULS,BRENDON DAVIS,-,-,12.7K,"4,114","3,121","1,341","5,068","7,166",-,-,2-4,12.00,4-2,19.20,4-2-3,67.30,4-2-3-1,106.70
6,BDX,Albion Park,15:32,395,FABREGAS @ METICULOUS LODGE GR5 HT,8,RINGBARK RUBY,S. LAWRANCE,1.90,1.04,5,HIGH ORDER,D. MOORE,-,1.50,3,AEROBIC ZONE,G. FRANKLIN,-,2.20,1,FROSTY COWBOY,R. ATTARD,-,-,"6,675","2,825","1,578",697,"4,334","3,925",17,-,5-8,4.10,8-5,9.40,8-5-3,38.20,8-5-3-1,90.60
5,PR,Ascot,15:35,1600,PAUL HARVEY 50TH BIRTHDAY HANDICAP 0MWLY 60+ HCP,13,LA BIONDA,JERRY NOSKE,5.70,1.90,7,LUKE'S CHOICE,JASON WHITING,-,3.00,10,ADRIAN MAKFI,KRISTY BENNETT (A3.0),-,6.10,5,DUCK FEET,MITCHELL PATEMAN,-,-,29.6K,17.5K,"9,419","3,287",23K,44.1K,"3,145",-,7-13,16.70,13-7,37.10,13-7-10,393.80,13-7-10-5,5803.10
8,MDX,Bendigo,15:36,425,EASCOM ELECTRICAL BENDIGO T3 GR7,3,NATSU BALE,R. GIBBONS,2.10,1.10,8,ROLLIN' IN,C. PAEZ,-,1.40,5,THIS TIME BRO,P. FROST,-,2.10,7,JACK'S GONE WILD,K. WARD,-,-,"1,984","1,299",623,264,"1,072","1,006",60,-,3-8,2.70,3-8,6.90,3-8-5,16.30,3-8-5-7,55.10
7,SDX,Grafton,15:39,407,GDSC STAKES GR5,1,DON'T SAY MAYBE,A. HOYLAND,19.70,5.60,2,HAZEL BONUS,E. HARRIS,-,1.50,5,TWEED MAJOR,M. JOHNSTON,-,2.60,9,LOCK IT LACHIE (7),A. MONAGHAN,-,-,"5,654","2,827","1,511",625,"3,462","6,636",70,-,1-2,33.30,1-2,34.10,1-2-5,510.20,1-2-5-9,2807.00
1,ST,Bathurst,15:42,1730,TAB ODDS & EVENS PACE NR UP TO 60 PACE,4,OUR UNCLE JIM,PHOEBE BETTS,2.60,1.30,9,KID YOU NOT,JASON TURNBULL,-,1.80,6,SWAGGIE SHANNON,TRAVIS BULLOCK,-,3.60,1,LARA BAY,JAKE DAVIS,-,-,"7,072","2,716","1,861","1,038","4,060","3,778",171,-,4-9,8.00,4-9,12.10,4-9-6,84.10,4-9-6-1,350.20
7,BDX,Albion Park,15:47,520,TAB - LONG MAY WE PLAY GR5,7,REGAS,J. CRAWFORD,11.30,3.70,2,DYNAMO WAZ,C. ELSON,-,1.60,5,COOL TALK,G. CLEGG,-,1.30,1,ELITE YES SAM,L. MASSEY,-,-,"5,685","3,081","1,775",712,"5,390","4,775",91,-,2-7,18.50,7-2,59.90,7-2-5,149.60,7-2-5-1,409.50
0,BT,Redcliffe,15:50,2040,TAB PACE NR 65 TO 75 PACE,8,MONTANA CHIEF,BRITTANY GRAHAM,3.80,1.60,7,COMIGAL,HAYDEN BARNES,-,2.80,3,SPRINGFIELD SPIRIT,LACHIE MANZELMANN,-,3.80,6,ALE ALE KAI (NZ),PAUL DIEBERT,-,-,"7,393","2,660","1,594","1,318","3,376","3,893",237,"1,440",7-8,16.20,8-7,29.60,8-7-3,279.70,8-7-3-6,937.50
9,MDX,Bendigo,15:55,425,SPORTS VOTE COUNT T3 GR6,1,AWESOME ASSET,J. MANGION,4.20,1.30,2,MAGGIE PIE,G. WILLIAMSON,-,1.70,7,BRINDLE DELIGHT,S. TRIM,-,2.90,5,NORDIC PRINCE,A. RADEMAKER,-,-,"7,790","3,957","2,271",737,"5,669","4,250",200,-,1-2,9.70,1-2,23.00,1-2-7,130.90,1-2-7-5,359.30
8,SDX,Grafton,15:59,407,GRNSW PATHWAYS STAKES GR5,6,KULU EAGLE,J. CLARSON,10.00,1.20,8,DYNA HANNAH,G. STREATFIELD,-,1.20,7,PROUD MOMENT,T. RICE,-,2.00,3,BO NOK BEACH,B. HASTIE,-,-,"5,200","2,403","1,346",522,"3,081","4,048",48,-,6-8,14.00,6-8,19.90,6-8-7,111.80,6-8-7-3,380.40
0,MT,Melton,16:02,1720,DNR LOGISTICS 3YO PACE NR 46 TO 55 PACE,9,CELEBRITY CHEF,JODI QUINLAN,8.40,1.20,7,FLOAT ON BY,ALLAN MCDONOUGH,-,1.04,10,MINUSCULE,GREG SUGARS,-,1.10,2,MARCYS STAR,LANCE JUSTICE,-,-,"7,896","3,812","1,689",887,"4,932","7,624",491,11.9K,7-9,6.20,9-7,11.10,9-7-10,23.50,9-7-10-2,110.50
8,BDX,Albion Park,16:07,395,ORSON ALLEN @ METICULOUS LODGE GR5 HT,1,FINAL PLEA,G. BOWE,1.10,1.04,4,ADELINA,J. HILL,-,3.20,8,DYNAMIC CYNDIE,C. ELSON,-,-,3,COCONUT LASS,K. OLLERTON,-,-,"9,937","2,149","1,513","1,030","4,382","5,221",-,-,1-4,4.70,1-4,5.20,1-4-8,10.60,1-4-8-3,57.30
6,PR,Ascot,16:10,1400,BYRON BAY PREMIUM LAGER HANDICAP CL3 54+ HCP,3,ROCK'N'RULER,MITCHELL PATEMAN,10.80,3.30,2,NEXT STOP THE MOON,CHRIS GRAHAM (A3.0),-,2.00,11,STELLA ANNE,LISA STAPLES,-,5.80,4,UNIBRO,ALAN KENNEDY,-,-,30.3K,18.6K,"9,910","3,331",24.2K,16.4K,"9,017",-,2-3,31.00,3-2,76.30,3-2-11,1846.00,3-2-11-4,14796.50
2,ST,Bathurst,16:14,1730,TOWN & COUNTRY RURAL SUPPLIES PACE NR UP TO 70 PACE,5,ROCK BOTTOM (NZ),JASON TURNBULL,5.20,1.20,3,ANIMAL,AMANDA TURNBULL,-,1.04,2,ALTA EQUUS,BERNIE HEWITT,-,2.20,7,MYMATEPOG,TOM PAY,-,-,"6,527","3,033","1,452","1,293","6,085","4,445",98,-,3-5,4.10,5-3,9.30,5-3-2,40.40,5-3-2-7,100.10
10,MDX,Bendigo,16:19,425,PETER BROWN CUSTOM HOMES GR5 T3,3,MY MATE WALLY,M. NIELE,9.60,3.00,1,BURNING EXPRESS,K. KELLY,-,1.70,6,CRYSTAL BLING,B. KANTZIDIS,-,5.50,8,JACKIE JAI,C. SRIBOON,-,-,10.5K,"3,920","2,564","1,048","8,021","8,539",134,-,1-3,50.50,3-1,72.30,3-1-6,597.60,3-1-6-8,2964.20
9,SDX,Grafton,16:22,480,HIGHLAND PET FOOD STAKES GR5,7,DISTANT STAR,C. GRAHAM,4.00,1.30,4,BACKCREEK BANDIT,T. RICE,-,2.00,3,ROSIE BONUS,E. HARRIS,-,1.40,5,BESS BOO BONUS,E. HARRIS,-,-,"4,087","1,041",930,503,"3,328","1,967",-,-,4-7,12.40,7-4,27.90,7-4-3,62.20,7-4-3-5,291.00
1,BT,Redcliffe,16:25,1780,STEVIE REDBACK PEST CONTROL PACE NR 55 TO 60 PACE,1,NEWMERELLA LADYKAY,KYLIE RASMUSSEN,1.30,1.04,7,SWAFFHAM WATER,TALEAH MCMULLEN,-,1.30,5,IMPRESSIVE DIAMOND,CHRIS GEARY,-,1.80,3,FRENCH GLOBE,KEITH DURSTON,-,-,"5,824","3,074","1,839","1,582","6,765","7,505",95,-,1-7,3.40,1-7,6.30,1-7-5,14.40,1-7-5-3,62.30
1,MT,Melton,16:30,2240,TAB LONG MAY WE PLAY MAIDEN TROT 4Y AND OLDER,2,FLING IT RAINBOW,LANCE JUSTICE,6.30,2.60,3,WHIRILY ROLLS,ANNE-MAREE CONROY,-,2.50,6,PRINCE OF LIGHT,JEREMY QUINLAN,-,-,5,CHARLIE WALKER,JOHN CALDOW,-,-,"5,913","2,803","1,438",968,"3,983","4,678",416,-,2-3,13.90,2-3,37.90,2-3-6,235.90,2-3-6-5,488.50
11,MDX,Bendigo,16:35,425,GRAY'S BENDIGO GR5 T3,8,MY NAME'S GEORGE,C. RUSSELL,8.80,2.10,6,ALL BLING,D. TORR,-,1.70,2,MI ROMA,D. BUNN,-,1.20,5,ANOTHER BLING,G. KANTZIDIS,-,-,"7,971","3,431","2,319","1,889","6,343","5,963",-,-,6-8,15.90,8-6,18.10,8-6-2,128.90,8-6-2-5,688.60
0,OD,Winnellie Park,16:38,312,SAGE CONTRACTING DASH MDN,7,BIONIC GIRL,S. BOLTON,-,1.20,8,PETE'S PUPPET,S. BOLTON,-,-,4,JUGGLIN' JAKE,G. SCOTT,-,-,2,JACK LONG,R. BROWN,-,-,"2,363",Aban.,338,361,705,"1,026",10,83,7-8,2.10,7-8,18.30,7-8-4,36.10,7-8-4-2,13.40
3,ST,Bathurst,16:40,1730,BLING IT ON PACE NR UP TO 120 PACE,10,ATOMIC RED,AMANDA TURNBULL,1.30,1.00,1,LIFE LAVROS (NZ),ASHLEE GRIVES,-,2.00,9,POWER OF RED,NATHAN TURNBULL,-,1.50,8,HIDDEN COURAGE,STEVE TURNBULL,-,-,"4,168","4,936","1,290",649,"4,433","5,383",69,-,1-10,3.60,10-1,5.10,10-1-9,10.40,10-1-9-8,98.00
7,PR,Ascot,16:45,1800,AMELIA PARK LAMB HANDICAP CL3 54+ HCP,2,WESTERN KING,WILLIAM PIKE,8.40,2.10,7,WE'LL MEET AGAIN (NZ),LAQDAR RAMOLY (A3.0),-,4.80,1,SENTIMENTAL FRIEND,MITCHELL PATEMAN,-,1.80,10,FLYING TARGET,LUCY WARWICK,-,-,38.1K,21.2K,14.8K,"4,735",37K,29.5K,-,-,2-7,113.30,2-7,170.70,2-7-1,421.40,2-7-1-10,8306.60
0,MD,Cranbourne,16:48,311,RAPIDVITE ANIMAL PRODUCTS MDN,2,KOH LIPE,J. CONDON,1.90,2.00,3,SHANGHAI AVATAR,L. DESMOND,-,2.60,7,CUTIE KAY,G. NICOLL,-,-,8,FREE KICK HAWKS,J. PATERSON,-,-,"4,049","1,628",810,471,"2,538","2,430",126,"1,555",2-3,4.70,2-3,9.80,2-3-7,29.20,2-3-7-8,124.90
0,BD,Rockhampton,16:51,407,KOKODA TRAIL MDN,4,SWEET BLUE,T. THORLEY,2.80,1.20,6,ARCHIE HARKS,G. HARKER,-,1.20,1,LOOSE CHANGE,A. SULI,-,2.70,2,AEROBIC SPRITE,A. SULI,-,-,"6,652","1,575","1,686",560,"3,592","2,798",35,170,4-6,4.30,4-6,8.10,4-6-1,44.70,4-6-1-2,141.30
2,BT,Redcliffe,16:53,1780,CHANGEOVER STANDING @ BURWOOD STUD PACE NR 55 TO 60 PACE,5,TAYLOR HOOD,NATHAN DAWSON,2.90,1.30,6,LITTLELIONELJAMES,PAUL DIEBERT,-,1.90,1,NON PASSARE,TALEAH MCMULLEN,-,1.30,2,TORQUE IS MY GIRL,HAYDEN BARNES,-,-,"4,801","1,819","1,155",755,"3,141","3,395",116,-,5-6,8.60,5-6,12.20,5-6-1,41.10,5-6-1-2,221.40
0,MDP,Ballarat,16:58,450,EVERY RACE LIVE ON THE WATCHDOG APP MDN,10,NESSA'S ZARA (1),A. DAILLY,4.20,2.10,5,HEBRIDEAN BLACK,L. COCKERELL,-,2.70,7,SKIBO REBEL,S. ELSUM,-,-,2,YOEL BALE,A. DAILLY,-,-,"5,610","2,046","2,056",761,"4,528","4,450",176,"2,206",5-10,32.20,10-5,26.50,10-5-7,138.20,10-5-7-2,364.20
2,MT,Melton,17:00,1720,BUY FLYING BRICK CIDER ONLINE 2YO & 3YO TROTTERS HANDICAP 2&3Y HCP SS,2,SURPRISE TO ME,RYAN DUFFY,5.10,2.50,7,EXCELLENT DROP,RICHIE CARUANA,-,2.80,4,KAUDO,MICHAEL COLE,-,-,3,CORK,DAVID MURPHY,-,-,"7,403","2,214","1,654",779,"3,418","4,385",511,-,2-7,14.50,2-7,17.50,2-7-4,102.70,2-7-4-3,577.70
1,OD,Winnellie Park,17:02,312,HOLDFAST INSURANCE BROKERS DASH MX 1/2/3,4,GO BRANDI,S. BOLTON,1.30,1.04,5,SWANSEA SHANNON,G. FERNS,-,4.10,7,SUNSET SHERBET,G. FERNS,-,-,8,CROCODILE CRUSH,S. BOLTON,-,-,"3,864","1,156",518,442,"1,270","1,441",13,-,4-5,6.80,4-5,6.00,4-5-7,51.90,4-5-7-8,73.00
0,SD,Richmond,17:05,330,LADBROKES MAIDEN HEAT 1 MDN HT,3,AUTUMN BLUE,L. VANDERBURG,4.70,2.10,1,BOLLY'S GIRL,A. BELL,-,1.80,5,PORTELLI PUNK,K. SULTANA,-,1.40,4,SON OF SIZZLE,R. POLIDANO,-,-,"5,922","2,233","1,335",769,"3,904","3,222",828,735,1-3,7.00,3-1,15.60,3-1-5,75.20,3-1-5-4,244.80
1,MD,Cranbourne,17:08,311,AT CRANBOURNE - GREYHOUNDS ARE OUR LIFE MDN,4,I'M THE GREATEST,I. BROWN,2.00,1.04,1,COMMANDER KAY,G. NICOLL,-,1.80,8,GALLOPING FELIX,R. CONWAY,-,-,7,BOES BOUNTY,V. GAY,-,-,"5,450","1,700","1,063",487,"2,898","2,537",55,-,1-4,2.20,4-1,6.20,4-1-8,29.40,4-1-8-7,106.00
4,ST,Bathurst,17:10,1730,COBBITY EQUINE PACE NR UP TO 55 PACE,4,YES YOU MAY,AMANDA TURNBULL,1.60,1.20,3,ROCK FISHERMAN,BERNIE HEWITT,-,1.30,9,WATCHED FROM ABOVE,TRENT RUE,-,6.90,1,SPORTY MICKILLA,MARK HEWITT,-,-,"4,737","1,633","1,218",777,"3,420","3,402",136,"5,070",3-4,1.70,4-3,2.50,4-3-9,103.90,4-3-9-1,127.10
1,BD,Rockhampton,17:15,407,LEST WE FORGET NOV,4,ERRATIC GEORGE,D. BECKETT,4.40,2.50,1,MIA SURE CAN,C. POLLARD,-,2.40,8,WISE DECISIONS,D. TAYLOR,-,-,3,WHAT SAY YOU,C. POLLARD,-,-,"5,718","2,761","2,080","1,521","4,929","4,773",44,-,1-4,11.50,4-1,9.10,4-1-8,39.70,4-1-8-3,191.90
1,MDP,Ballarat,17:18,390,EUREKA CONCRETE MDN,3,MYSTIC ROSE,J. GALEA,2.90,1.04,5,GINGER MEGGS,J. GALEA,-,4.90,1,NERO BALE,M. DELBRIDGE,-,1.04,4,BUZZ OUT,D. LEATHAN,-,-,"5,747","1,985","1,374",597,"3,487","3,483",130,-,3-5,30.90,3-5,31.40,3-5-1,118.90,3-5-1-4,348.30
3,BT,Redcliffe,17:20,2040,COMFORT INN NORTHGATE PACE NR 50 TO 55 PACE,5,SUKI DAYO,KYLIE RASMUSSEN,3.10,1.60,3,TULHURST KATE,MATT ELKINS,-,2.50,6,CORINDHAP CREEK,TALEAH MCMULLEN,-,2.00,7,BUKTHSYSTEM,TRENT MOFFAT,-,-,"6,273","1,991","1,291",716,"3,910","2,675",187,-,3-5,16.30,5-3,49.90,5-3-6,182.10,5-3-6-7,1156.30
2,OD,Winnellie Park,17:22,312,CLARKE CONSTRUCTIONS DASH GR4,3,BETTY TURPIN,A. LASKER,5.50,1.80,8,CROCODILE FLOW,S. BOLTON,-,1.04,1,QUETZALLI,G. SCOTT,-,1.20,2,SPRING DOUBLE,S. BOLTON,-,-,"4,650","1,921",860,458,"2,574","1,550",25,-,3-8,7.90,3-8,19.10,3-8-1,34.40,3-8-1-2,572.80
1,SD,Richmond,17:25,330,KEVIN WATERS TOWING MAIDEN HEAT 2 MDN HT,1,LOCKOUT PAWS,G. SUTER,8.80,2.40,2,PURE CHARISMA,P. BETAR,-,1.80,6,RACHEL'S REVENGE,J. SCIBERRAS,-,6.40,4,BUGATTI CHECKERS,J. DAVIS,-,-,"7,085","2,084","1,303",538,"4,272","3,383",36,-,1-2,22.20,1-2,40.30,1-2-6,427.60,1-2-6-4,1159.40
2,MD,Cranbourne,17:28,311,DOWNLOAD THE NEW WATCHDOG APP MDN,7,GIANT SHADOW,J. NIBBS,20.30,4.10,4,CULLQUIN VINCENT,D. FRANKLIN,-,1.60,1,CHOCOLATE ROCKET,G. GLEDHILL,-,4.40,8,PARUMBA BARTY,P. REPICI,-,-,"5,404","1,916","1,372",702,"5,552","4,097",123,-,4-7,101.20,7-4,584.50,7-4-1,2324.30,7-4-1-8,4658.60
3,MT,Melton,17:30,1720,FLYING BRICK CIDER IN CANS & STUBBIES MAIDEN PACE 4Y AND OLDER PACE,8,LETS GO LOHI,FRED SPITERI,8.60,2.30,2,REALLY CAMPBELL,JUSTIN CAMPBELL,-,1.04,3,ILLAWONG MIMI,JODI QUINLAN,-,1.60,6,ANDREW SWAGGER,CONNOR CLARKE,-,-,10.6K,"5,037","1,663",722,"5,756","6,037",470,-,2-8,4.90,8-2,17.10,8-2-3,45.70,8-2-3-6,112.80
2,BD,Rockhampton,17:35,510,DIGGERS MEMORIAL FFA,8,ELLIE GRACE,T. THORLEY,-,5.50,6,WALTZING DANUBE,C. EMERY,-,-,1,ROSE ALI,D. TAYLOR,-,-,4,TUTA SHERRY,D. TAYLOR,-,-,"5,116",Aban.,"1,226",464,"1,586","2,358",65,-,6-8,3.90,8-6,11.00,8-6-1,19.50,8-6-1-4,17.70
2,MDP,Ballarat,17:38,390,GAP FINAL MX 6/7 FINAL,8,CLEAN SLATE,L. DELBRIDGE,9.20,1.80,6,BLACKPOOL ASTRO,R. KENYON,-,4.20,4,MAHOGANY JET,A. KING,-,2.20,1,FORTUNA BALE,M. DELBRIDGE,-,-,"7,143","3,246","2,087",870,"5,831","5,556",169,-,6-8,115.10,8-6,132.90,8-6-4,519.20,8-6-4-1,2971.10
5,ST,Bathurst,17:40,1730,FOR A REASON PACE NR UP TO 55 PACE,8,LADY SWISS,DOUG HEWITT,6.10,1.70,2,LAVROS MIDAS TOUCH (NZ),ASHLEE GRIVES,-,1.04,6,BEAUTIFULVENGEANCE,ANTHONY WINNELL,-,3.40,1,THATS FUNNY,NATHAN TURNBULL,-,-,"3,775","2,982","1,195",794,"3,793","3,564",82,-,2-8,4.90,8-2,12.30,8-2-6,150.10,8-2-6-1,525.40
3,OD,Winnellie Park,17:42,383,SBA OFFICE NATIONAL DASH MX 4/5,3,DELERRA,G. SCOTT,1.40,1.10,2,CHOICE WAY,S. BOLTON,-,1.80,4,UNO SLIPPER,A. LASKER,-,-,7,WEEONA WENDY,R. SAVIGE,-,-,"2,416",964,495,274,"1,566","1,393",17,-,2-3,4.40,3-2,6.30,3-2-4,12.80,3-2-4-7,32.20
2,SD,Richmond,17:45,330,GREYHOUND PRODUCTS DIRECT MAIDEN HEAT 3 MDN HT,3,COLE SEAR,K. SULTANA,2.80,1.50,2,BUGATTI MOTION,J. DAVIS,-,2.60,6,QUIRKY PHOEBE,R. BREWER,-,2.50,7,GREAT FIGHTER,J. KING,-,-,"5,015","1,952","1,431",836,"3,858","3,132",48,-,2-3,17.70,3-2,22.30,3-2-6,173.70,3-2-6-7,613.50
3,MD,Cranbourne,17:48,311,TAB MULTIPLIER (1-4 WINS) R/W,4,PIPARAE,J. IMLACH,8.60,2.70,2,BAGGY'S GOLD,D. SAUNDERS,-,2.40,1,MAJESTIC WAY,W. KEE,-,-,3,BABY EDEN,W. KEE,-,-,"4,680","1,353","1,864",840,"4,445","3,910",181,-,2-4,15.00,4-2,31.00,4-2-1,56.10,4-2-1-3,149.80
4,BT,Redcliffe,17:50,1780,DES POLLOCK PACE NR 40 TO 49 PACE,4,WHATELEY,TALEAH MCMULLEN,4.10,1.30,5,A ROCKNROLL LEGACY,ANGUS GARRARD,-,1.70,6,GO ANNE GO,KELLI DAWSON,-,1.30,2,MANOFLISA,NOEL PARRISH,-,-,"4,790","2,351",904,623,"3,351","4,337",71,"4,189",4-5,12.20,4-5,18.40,4-5-6,57.50,4-5-6-2,618.80
3,BD,Rockhampton,17:55,407,WE REMEMBER THEM GR4,4,DUE TO SIZZLE,D. BECKETT,7.30,2.20,2,ABSOLUTE MADNESS,R. WEEDING,-,2.30,5,PERFECT PARIS,K. BOODY,-,8.40,3,ARE JAY LOCHIE,D. TAYLOR,-,-,"5,937","2,242","1,410",836,"5,041","6,050",80,-,2-4,22.10,4-2,47.80,4-2-5,714.00,4-2-5-3,3329.80
3,MDP,Ballarat,17:58,450,BACKMANS PET FOODS MX 6/7,5,PROVIDENCE BALE,A. DAILLY,2.40,1.04,2,CHARLIE BALE,A. DAILLY,-,1.20,1,REGAL MISSILE,P. RADSTOCK,-,6.10,7,BRAITH BALE,A. DAILLY,-,-,"6,082","2,514","1,445",636,"4,723","3,995",98,-,2-5,6.00,5-2,11.50,5-2-1,95.70,5-2-1-7,347.30
4,MT,Melton,18:00,1720,FLYING BRICK CIDER FREE HOME DELIVERY PACE NR 58 TO 62 PACE,9,MIRRAGON,JODI QUINLAN,3.20,1.30,6,VOUCHERS,GREG SUGARS,-,1.04,3,DELWYNS SON,KYLIE SUGARS,-,1.90,10,IF THE MOOD SUITS,MITCHELL BARKER,-,-,"6,924","4,184","1,987",755,"5,253","5,593",448,23.6K,6-9,1.90,9-6,4.40,9-6-3,23.40,9-6-3-10,102.20
4,OD,Winnellie Park,18:02,383,COOLALINGA MOWERS DASH MX 1/2/3,1,MILEEKA,S. NATHANAEL,2.10,1.04,8,HE'S ALL GRUNT,A. LASKER,-,2.30,2,SNOOP A LOOP,S. BOLTON,-,1.30,7,OUTLAW ARNHEM,S. BOLTON,-,-,"3,905","1,957",721,350,"1,516","1,913",26,469,1-8,10.80,1-8,13.40,1-8-2,25.80,1-8-2-7,415.00
3,SD,Richmond,18:05,330,LADBROKES INFO HUB MAIDEN HEAT 4 MDN HT,3,MAC ZEPHYR,P. LAGOGIANE,2.40,1.10,2,FINE LEE,V. MCDONALD,-,4.70,1,IPSO FACTO,H. TATIAN,-,1.10,8,IT'S OUR JOURNEY,R. HANCOCK,-,-,"8,180","3,564","1,885",861,"4,253","4,108",57,-,2-3,11.00,3-2,25.00,3-2-1,67.40,3-2-1-8,855.30
4,MD,Cranbourne,18:08,520,RAM LOCKSMITH (1-3 WINS) R/W,4,SAILING SHOES,R. PALMER,2.70,1.20,6,BLACK QUE,R. CRAWFORD,-,1.40,8,DECLASSIFIED,G. O'KEEFFE,-,1.40,3,DAVID COIN,K. BROOKS,-,-,"5,278","2,386","1,273",567,"4,799","3,348",119,"8,894",4-6,7.60,4-6,12.70,4-6-8,41.30,4-6-8-3,186.50
6,ST,Bathurst,18:10,1730,YIRRIBEE PACING STUD MAIDEN PACE NO NR PACE,9,WARRAWEE DRINKING,STEVE TURNBULL,3.60,1.50,4,FIORELLA (NZ),AMANDA TURNBULL,-,1.20,7,DAVIDS HOPE,ANTHONY WINNELL,-,8.20,6,NEVILLE SHANNON,TRAVIS BULLOCK,-,-,"6,372","1,803",771,"1,050","3,823","2,879",197,-,4-9,3.50,9-4,6.10,9-4-7,185.50,9-4-7-6,1924.30
4,BD,Rockhampton,18:15,510,ANZAC CUP R/W,1,CRAIG'S REGRET,D. BECKETT,1.80,1.20,2,CHOPPER'S CHANCE,N. JACKSON,-,5.10,3,KOORINGA KENDAL,C. TORY,-,-,4,TOMMY LAVA,D. TAYLOR,-,-,"4,639","2,132","1,896",981,"3,995","5,190",74,"1,198",1-2,7.80,1-2,6.30,1-2-3,57.70,1-2-3-4,186.80
4,MDP,Ballarat,18:18,450,JA CATERING & FUNCTIONS GR5,4,NOONBARRA JACK,M. TURNER,10.00,2.80,1,MISSY BALE,A. DAILLY,-,1.80,7,ELLIAS BALE,M. DELBRIDGE,-,2.00,3,ALQUIST,A. DEBATTISTA,-,-,"4,780","2,295","1,577",465,"3,704","3,154",142,10.1K,1-4,32.50,4-1,57.30,4-1-7,200.10,4-1-7-3,441.00
5,BT,Redcliffe,18:21,947,TROT RODS - HEAT 7 - TIME TO BEAT 65.63 NR 47 TO 52,4,BARBOO,PAUL DIEBERT,30.70,6.70,3,JEWEL OF PEAK,NARISSA MCMULLEN,-,1.80,1,TOTAL DELIRIUM,NATHAN DAWSON,-,-,2,CHROMOZONE (NZ),TRENT MOFFAT,-,-,"4,586","1,828","1,547",593,"3,334","3,585",196,-,3-4,33.10,4-3,66.30,4-3-1,647.50,4-3-1-2,726.80
5,OD,Winnellie Park,18:22,312,GARRARD'S HORSE AND HOUND DASH GR5,8,CAIRNLEA SADIE,A. LASKER,4.90,1.10,5,AIN'T NO ONE,S. NATHANAEL,-,1.50,3,NAK FACTOR,S. BOLTON,-,5.70,7,KATY HAIRY,S. BOLTON,-,-,"3,340","1,816",765,351,"1,646","1,696",14,-,5-8,11.20,8-5,29.20,8-5-3,218.40,8-5-3-7,761.80
4,SD,Richmond,18:25,535,RICHMOND RACE CLUB STAKES GR5,8,JACK HIGH,R. MARSDEN,2.50,1.40,3,MAGIC AWAITS,A. MESSINA,-,1.60,4,TIPPA,M. GATT,-,1.20,1,POP THE CONFETTI,A. PROCTOR,-,-,"4,756","1,855",947,613,"3,765","3,260",106,"1,762",3-8,9.20,8-3,8.80,8-3-4,35.30,8-3-4-1,106.30
5,MD,Cranbourne,18:28,311,WINNING POST SUPPLIES FFA,3,ALMAPA BERISHA,P. DERUBEIS,2.60,1.40,2,LEMONADE KID,J. GIESCHEN,-,1.04,6,KINLOCH JOURNEY,J. BELSHAM,-,-,1,IT'S A DRAMA,P. BROWN,-,-,"6,749","2,199",908,614,"3,667","3,515",93,-,2-3,2.90,3-2,5.30,3-2-6,81.80,3-2-6-1,123.90
5,MT,Melton,18:30,2240,DEVCON PROPERTIES TROTTERS HANDICAP NR 52 TO 120 HCP SS,8,SONNY BROOKE,JOHN CALDOW,2.20,1.40,5,CLASSY LOLA,RYAN DUFFY,-,2.20,7,ZOOMAS LEGEND,MATTHEW WHITTLE,-,5.70,1,IM NOTTA TROTTER,BROOKE SADLER,-,-,"4,861","2,291","1,242",646,"3,480","3,975",558,-,5-8,11.90,8-5,25.40,8-5-7,139.10,8-5-7-1,564.60
0,ARP,Bro Park - SWE,18:30,1600,BRO PARK 3Y,6,FIRST COURSE,FREDRIK JANETZKY,11.50,2.60,7,ELLIS ST MARTIN,FABIENNE DE GEER,-,2.10,1,HOOTENANNY,PER-ANDERS GRABERG,-,1.50, , , , , ,"3,169",757,365,260,"1,751",8,-,-,6-7,35.60,6-7,143.70,6-7-1,883.30,6-5,Carryover
0,PD,Cannington,18:31,520,TABTOUCH PARK MDN,2,BACK NET,J. MARSH,3.00,2.10,4,HAPPY TALK,C. HALSE,-,5.30,1,ULTRA PERFORMER,T. ERENSHAW,-,-,5,ORIENTAL RUNNER,E. CRUDELI,-,-,"2,020",980,504,440,"1,692","1,343",42,"1,300",2-4,9.30,2-4,22.50,2-4-1,56.60,2-4-1-5,121.30
5,BD,Rockhampton,18:34,407,EL ALAMEIN P5,8,BOWIE BEACH,M. BRIDER,9.70,2.50,7,MON MANNY BEACH,A. SULI,-,1.20,4,SUPER SUZIE QUE,C. POLLARD,-,2.20,2,GOLDEN DEVIL,K. BOODY,-,-,"4,206","2,265",936,667,"2,952","2,587",38,-,7-8,19.40,8-7,47.90,8-7-4,164.90,8-7-4-2,1024.00
5,MDP,Ballarat,18:37,545,REVOLUTION PRINT MX 4/5,2,LAST HURRAH,B. NYE,1.50,1.60,6,LEON BALE,A. DAILLY,-,1.30,4,LIZZIE'S ENTITY,D. KNIGHT,-,-,7,BRADY'S SHOUT,V. GILES,-,-,"5,223","1,927","1,412","1,014","4,789","4,853",174,-,2-6,2.30,2-6,3.90,2-6-4,9.30,2-6-4-7,19.50
7,ST,Bathurst,18:39,1730,BALLINGER TRANSPORT MAIDEN PACE NO NR PACE,7,IBBIN NADIA,BERNIE HEWITT,5.60,1.80,6,ALPHA XENA,TONY HIGGS,-,2.80,9,ZERMATT,EMMA TURNBULL,-,2.00,10,DRIVE TO THE BEACH,AMANDA TURNBULL,-,-,"3,656","1,214",605,755,"2,515","2,782",-,-,6-7,39.10,7-6,49.90,7-6-9,187.50,7-6-9-10,581.30
6,OD,Winnellie Park,18:40,312,NT BOUNDLESS POSSIBLE DASH GR5,8,CAWBOURNE DIXIE,S. BOLTON,4.50,2.70,7,MINOR DETAILS,R. SAVIGE,-,2.00,1,LILLY PILLY LASS,R. SAVIGE,-,1.40,4,PETE'S KITCHEN,R. BROWN,-,-,"2,415","1,083",381,206,"1,715","1,068",25,-,7-8,6.30,8-7,16.30,8-7-1,43.80,8-7-1-4,424.30
5,SD,Richmond,18:43,535,BESS ELECTRICAL STAKES MX 4/5,4,ARMED ASSASSIN,M. GATT,8.70,2.40,1,GOOD ODDS ARMANI,A. BELL,-,1.70,2,KNIGHTHOOD,P. LAGOGIANE,-,1.00,5,WARDEN ANN,S. SIMONETTA,-,-,"4,669","2,848","1,045",599,"3,468","4,185",66,-,1-4,15.30,4-1,31.90,4-1-2,63.20,4-1-2-5,226.30
0,PRX,Happy Valley - HK,18:45,1200,TULIP HANDICAP - TURF CL5 HCP RTG 40-0,8,GREAT SON,H N WONG,6.20,2.20,11,SHOW MISSION,K C LEUNG,-,2.85,6,KWAI CHUNG ELITE,Z PURTON,-,1.85,2,AURORA STEED,C SCHOFIELD,-,-,3.49M,3.63M,5.41M,"1,407",847K,"3,247","1,485",-,8-11,28.10,8-11,68.90,8-11-6,263.40,8-11-6-2,930.40
6,MD,Cranbourne,18:49,311,CASEY STEEL FINAL (3-6 WINS) R/W FNL,1,KRAKEN JACKI,N. LUND,1.90,1.04,8,MIGHTY TRACEY,J. BROWN,-,2.90,5,SHAKALAKA,D. DEAN,-,2.10,2,PETITE CHARLOTTE,J. SHARP,-,-,"6,072","2,889","1,879",888,"5,906","5,182",133,-,1-8,11.40,1-8,18.40,1-8-5,83.30,1-8-5-2,391.20
6,BT,Redcliffe,18:51,2040,DENNIS WHITTAKER MAIDEN PACE NO NR PACE,2,MELTON MAX GENTLE,TALEAH MCMULLEN,4.60,1.40,6,BUTCHERFEELGOOD,NATHAN DAWSON,-,5.90,3,LANOCH BOY,HAYDEN BARNES,-,1.80,4,TILDALYN,NARISSA MCMULLEN,-,-,"4,623","2,141",907,739,"3,058","3,371",158,-,2-6,38.20,2-6,38.50,2-6-3,177.90,2-6-3-4,1197.60
1,PD,Cannington,18:53,380,WATCH US ON SKY RACING MDN,8,SIMPLY CRITICAL,T. MITCHEM,11.10,3.40,1,UNCLE LEO,V. COOK,-,2.40,4,SIMPLY ACCUSED,T. MITCHEM,-,-,7,CHIEF ANGEL,J. WILSON,-,-,"2,702","1,049",695,401,"2,334","2,034",140,-,1-8,18.20,8-1,58.90,8-1-4,210.90,8-1-4-7,1294.00
6,BD,Rockhampton,18:56,407,ANZAC COVE GR5,5,TESTING SPEED,D. BECKETT,3.40,1.20,1,ANGRY ANGUS,C. EMERY,-,1.10,2,NAZARE,K. BOODY,-,1.30,3,BIRMINGHAM LASS,W. PIRIE,-,-,"5,854","2,261","1,628",593,"3,564","3,590",12,-,1-5,3.40,5-1,6.90,5-1-2,28.70,5-1-2-3,92.40
6,MDP,Ballarat,18:59,450,GRV VIC BRED SERIES FINAL GR5 FN,4,AEROPLANE ERIC,G. ROUNDS,3.80,1.30,2,NADALI,R. BRITTON,-,1.30,6,RUN BABA RUN,J. GALEA,-,9.20,8,ORIGAMI ANGEL,M. LANIGAN,-,-,"7,339","3,825","1,190",622,"4,810","4,077",211,-,2-4,6.90,4-2,19.40,4-2-6,313.40,4-2-6-8,1288.50
1,ARP,Bro Park - SWE,19:00,1600,BRO PARK 3UP,5,SALTIE GIRL,SHANE KARLSSON,9.80,3.20,9,ARETHA,ELIONE CHAVES,-,1.04,1,LAUGHTER LOUNGE,CORNELIA HARTSMAR,-,3.40, , , , , ,"1,076",454,187,118,916,4,-,-,5-9,13.50,5-9,27.60,5-9-1,303.40,6-5,Carryover
6,MT,Melton,19:01,2240,JIMS MOWING PACE NR 54 TO 57 PACE,4,KARDESLER (NZ),GREG SUGARS,1.10,1.04,6,SEW WHAT,LANCE JUSTICE,-,2.60,9,BETTA BOPPER (NZ),EMMETT BROSNAN,-,-,5,FIRST AND ERST,KEN TIPPET,-,-,"4,449","3,203","1,461","1,054","4,905","6,141",616,-,4-6,2.80,4-6,3.50,4-6-9,16.70,4-6-9-5,57.80
7,OD,Winnellie Park,19:02,383,NIGHTCLIFF SPORTS CLUB M4/5,1,LEMON DROP,R. SAVIGE,4.90,2.60,8,SIBLING,R. SAVIGE,-,5.00,2,GRIMSHAW,R. PHILLIPS,-,-,3,GALLOPING EDDIE,R. SAVIGE,-,-,"2,311",754,557,243,"1,233","1,174",6,-,1-8,12.70,1-8,13.20,1-8-2,42.80,1-8-2-3,438.50
6,SD,Richmond,19:06,400,TSR ACCESS SERVICES STAKES FFA,8,MOTTZA,P. CHAKER,1.40,1.04,2,CANYA LILLY,A. BELL,-,1.50,7,BAGO ROAD,B. KING,-,2.90,3,MARGOLIS,D. CAMPBELL,-,-,"4,065","2,257",975,665,"4,654","3,955",62,-,2-8,2.40,8-2,3.00,8-2-7,14.80,8-2-7-3,88.20
7,MD,Cranbourne,19:09,520,BACKMANS PET FOODS MX 4/5,8,PERFECT MARSHALL,J. COTTRELL,2.00,1.20,5,TERREN'S CLOSE,C. JOHANNSEN,-,1.30,1,DEX'S AFFAIR,J. CLAY,-,3.60,4,ANGRY TRIP,R. ROMYN,-,-,"8,082","3,620","1,255",809,"4,742","5,410",84,-,5-8,2.40,8-5,5.80,8-5-1,19.60,8-5-1-4,107.30
7,BD,Rockhampton,19:12,407,LONG TAN GR5,3,CISCO SNIPER,C. EMERY,8.10,2.70,5,PAUA OF BONDI,D. BECKETT,-,1.04,2,ORIENTAL OLLIE,K. BOODY,-,2.00,8,BUSH SOLDIER,N. JACKSON,-,-,"6,195","2,060","1,595",800,"3,679","4,224",70,-,3-5,12.30,3-5,42.80,3-5-2,147.30,3-5-2-8,858.00
2,PD,Cannington,19:15,380,SULLY'S PAINTING NOV,2,SHOWING,B. MACLEAN,6.20,1.90,1,BOORA GOLD,K. CHARLES,-,1.70,5,MASON ROCKS,K. CHARLES,-,1.30,7,PINCH ME,S. RICHARDS,-,-,"2,535","1,309",712,312,"2,730","1,578",82,-,1-2,7.30,2-1,19.50,2-1-5,73.60,2-1-5-7,171.30
1,PRX,Happy Valley - HK,19:15,1200,JONQUIL HANDICAP - TURF CL4 HCP RTG 60-40,5,HERO TIME,Z PURTON,8.20,2.50,8,HAPPY TANGO,C SCHOFIELD,-,9.40,12,HAPPY WINNER,H N WONG,-,16.40,7,GINTOKI,V BORGES,-,-,3.85M,3.93M,5.99M,"1,743",902K,"4,351","1,028",13.5K,5-8,124.45,5-8,88.30,5-8-12,10923.20,"5-8-12-7
                                            Partial C/O","6744.50
                                            (3243.83)"
7,MDP,Ballarat,19:18,450,3BA/POWER FM MX 4/5,9,ASTON AJAX (7),P. ABELA,34.20,5.80,6,PENTA ALLEN,M. DELBRIDGE,-,1.60,1,SCATTERBOX,J. GALEA,-,1.70,4,REIKO BOSS,A. DAILLY,-,-,"4,873","2,701","1,027",655,"2,962","2,647",136,-,6-9,57.30,9-6,248.10,9-6-1,514.30,9-6-1-4,1757.00
7,BT,Redcliffe,19:20,1780,GARRARDS HERE ON TRACK PACE NR 40 TO 49 PACE,6,MAYWYNS JEWEL,KELLI DAWSON,2.70,1.50,5,VOODOO FELLA,NATHAN DAWSON,-,1.70,4,MAGHERA MAGGIE,ANGUS GARRARD,-,-,8,WHATA STRIDE,TALEAH MCMULLEN,-,-,"4,327","1,190","1,036","1,203","3,776","3,823",-,-,5-6,5.60,6-5,7.10,6-5-4,14.60,6-5-4-8,32.00
8,OD,Winnellie Park,19:22,312,LADBROKES CASH IN DASH MX 4/5,4,CROCODILE BOLT,R. SAVIGE,5.90,2.60,6,PRETTY PAYTON,S. BOLTON,-,6.20,8,WEEONA BEC,S. BOLTON,-,-,2,RITTO'S HANGER,G. SCOTT,-,-,"3,373",593,320,320,676,"1,014",2,-,4-6,13.30,4-6,27.70,4-6-8,147.90,4-6-8-2,212.70
7,SD,Richmond,19:25,330,LADBROKES PROTEST PAYOUT STAKES FFA,2,DIMITROV,G. MCKINLEY,2.30,1.60,3,BLACKPOOL DOC,M. KNOWLES,-,8.50,7,TILTED TOWERS,J. CHAPMAN,-,3.10,1,FLYING APOLLO,A. BELL,-,-,"3,864","2,164","1,172",866,"4,513","5,025",127,-,2-3,26.80,2-3,43.90,2-3-7,172.00,2-3-7-1,806.40
8,MD,Cranbourne,19:28,311,TOP CAT VIDEO GR5,1,BIG BELLA,K. MCCANN,7.10,1.50,5,BUBBA JO,D. DEAN,-,1.10,6,LET'S ROLL,I. DANN,-,3.30,3,HOLLY'S AFFAIR,J. CLAY,-,-,11.3K,"2,742","1,849",767,"4,707","3,787",164,-,1-5,6.80,1-5,19.00,1-5-6,138.60,1-5-6-3,341.20
S.No.,Location Code,Location,Start,Distance,Race Name,Rank 1 Number,Rank 1 Name,Rank 1 Rider,Rank 1 W,Rank 1 P,Rank 2 Number,Rank 2 Name,Rank 2 Rider,Rank 2 W,Rank 2 P,Rank 3 Number,Rank 3 Name,Rank 3 Rider,Rank 3 W,Rank 3 P,Rank 4 Number,Rank 4 Name,Rank 4 Rider,Rank 4 W,Rank 4 P,Win,Place,Qulnella,Exacta,Trifecta,First 4,Double,Quaddle,Qulnella Results,Qulnella Dividends,Exacta Results,Exacta Dividends,Trifecta Results,Trifecta Dividends,First 4 Results,First 4 Dividends
