S.No,Start,Distance,Race Name,Rank 1 Number,Rank 1 Name,Rank 1 Rider,Rank 1 W,Rank 1 P,Rank 2 Number,Rank 2 Name,Rank 2 Rider,Rank 2 W,Rank 2 P,Rank 3 Number,Rank 3 Name,Rank 3 Rider,Rank 3 P,Rank 3 W,Rank 4 Number,Rank 4 Name,Rank 4 Rider,Rank 4 W,Rank 4 P,Win,Place,Qulnella,Exacta,Trifecta,First4,Double,Quaddle,Qulnella Results,Qulnella Dividends,Exacta Results,Exacta Dividends,Trifecta Results,Trifecta Dividends,First4 Results,First4 Dividends
0,15:07,2138,OHOKA PUNTER @ EGMONT PARK STUD PACE NO NR PACE,6,ANYCHANCE,DARREN WEEKS,2.7,1.6,4,OUR MAJOR DAY,PETE MCMULLEN,-,2.8,9,SLICE OF HEAVEN (NZ),CHRIS GEARY,-,2.5,5,THE BUS,KYLIE RASMUSSEN,-,-,10.9K,"4,002","2,567","1,489","6,164","3,655",198,"1,304",04-Jun,11.7,06-Apr,26.1,06-04-2009,54.7,6-4-9-5,308.5
1,15:33,2138,GARRARDS HORSE & HOUND BAND 5 PACE BAND 5 PACE,9,SUBTLE DELIGHT,JUSTIN ELKINS,3.1,1.6,2,SEA HAWKE,GRANT DIXON,-,2.1,6,HES OKEY DOKEY (NZ),ISOBEL ROSS,-,2.4,3,NEWPORT DREAMZ,REECE MAGUIRE,-,-,"9,932","3,203","2,150","1,255","5,790","3,521",134,-,02-Sep,17.4,09-Feb,24.2,09-02-2006,122.4,9-2-6-3,779.4
2,16:07,2138,MR FEELGOOD @ EGMONT PARK STUD BAND 5 PACE BAND 5 PACE,1,MIDNIGHT MAN,NARISSA MCMULLEN,1.5,1.04,8,HES NOVAK (NZ),LOLA WEIDEMANN,-,3.2,7,PARISIAN ROCKSTAR,REECE MAGUIRE,-,20.2,6,JUMPING JOLT,JUSTIN ELKINS,-,-,"6,631","6,202","2,086","1,432","8,023","6,546",262,-,01-Aug,4.4,01-Aug,7,01-08-2007,130.2,1-8-7-6,598.1
3,16:35,1660,PRYDE'S EASIFEED QUALIFYING PACE NO NR PACE,9,SAM IS PERFECTION,BRENDAN BARNES,5.4,2.4,1,THE CRUISE MISSILE (NZ),NARISSA MCMULLEN,-,1.2,10,JOHNNY WHITE (NZ),LACHIE MANZELMANN,-,2,5,MAJOR GENERALJUJON,GRANT DIXON,-,-,"8,348","3,710","2,184","1,287","5,638","3,606",140,-,01-Sep,10.3,09-Jan,24.7,09-01-2010,68.2,9-1-10-5,912.5
4,17:07,1660,SKY RACING QUALIFYING PACE NO NR PACE,6,LETTUCEFIRESTAR,DANNY GATT-BOUQUET,7.2,2.5,1,OASIS DREAM (NZ),MADI DUX,-,3.3,5,THE DOORMAN (NZ),NARISSA MCMULLEN,-,1.9,8,COOL SCOOTER (NZ),KELLI DAWSON,-,-,"7,625","4,478","1,849","1,032","5,753","3,198",110,"2,926",01-Jun,39.6,06-Jan,114.5,06-01-2005,524,6-1-5-8,3644.2
5,17:37,1660,BADCOCK GROUP OF COMPANIES MARES PACE NR 70 TO 90 PACE,2,CHERRYS THE BEST,TRISTA DIXON,7.1,1.3,9,JUST ROKIN,NATHAN DAWSON,-,2.6,3,DEMETER (NZ),REECE MAGUIRE,-,3.1,6,PELOSI,JOHN CREMIN,-,-,"7,803","3,162","1,416","1,331","6,496","5,545",158,-,02-Sep,82.5,02-Sep,105.9,02-09-2003,631.7,2-9-3-6,2559.7
6,18:08,1660,AQWA CONSTRUCTIONS QUALIFYING B PACE NO NR PACE,3,SHAZAM SHANNON,LOLA WEIDEMANN,18.3,4.2,4,LIVE ATOM,MATT ELKINS,-,1.8,9,SHERIFF JUJON,GRANT DIXON,-,1.9,1,JOVIAL JULIE,TRISTA DIXON,-,-,"9,219","4,530","2,214","1,058","6,778","3,020",201,-,03-Apr,46.8,03-Apr,97.5,03-04-2009,696,3-4-9-1,2039.9
7,18:37,1660,TAB PERSEVERENCE PACE 3UP NR 50 TO 60 PACE,6,JILLIBY GIZMO,TRENT MOFFAT,8.4,2.7,9,ROLLONX,CHRIS GEARY,-,3.6,8,IDEAL TIGER (NZ),CLINT SNEDDON,-,2.2,3,WHERES TASCOTT,TALEAH MCMULLEN,-,-,10.1K,"4,767","2,590","1,727","7,220","2,861",257,-,06-Sep,61.3,06-Sep,80.2,06-09-2008,604,"6-9-8-3
                                            Partial C/O","4435.50
                                            (1253.78)"
8,19:10,2138,REMEMBERING 'PENNY THE PUSSYCAT' OPEN PACE NO NR PACE,7,MAJOR CAM,KYLIE RASMUSSEN,1.4,1.3,1,CASINO TOMMY,NATHAN DAWSON,-,1.4,6,DARK ENERGY (NZ),GRANT DIXON,-,-,2,CLINTAL DO,LOLA WEIDEMANN,-,-,"4,550","2,221","1,429","1,489","4,493",10.8K,182,-,01-Jul,2,07-Jan,2.8,07-01-2006,9.1,7-1-6-2,23.4
9,19:45,2138,CHANGEOVER @ BURWOOD STUD MARES QUALIFYING PACE NO NR PACE,6,MISS MONEYBAGS,GRANT DIXON,2.9,1.3,7,OUR DELIGHT,PETE MCMULLEN,-,2.3,2,KOTARE ELITE (NZ),ISOBEL ROSS,-,2,1,LETHAL STAR (NZ),TALEAH MCMULLEN,-,-,"6,331","2,689","1,688",868,"4,450","2,322",-,-,06-Jul,11.6,06-Jul,17.4,06-07-2002,83.1,6-7-2-1,210.7
0,11:48,1200,MUMM CHAMPAGNE MAIDEN 3UP SW MDN,12,LA VINA,BRAD PARNHAM,3.8,1.5,10,JAGUAR GREY,SHAUN O'DONNELL,-,1.04,1,MIMS WIN,JASON WHITING,-,1.8,7,APACHE RABBIT,LUCY WARWICK,-,-,40.7K,13.9K,"7,060","2,863",21.8K,14.7K,"1,615",-,10-Dec,4.4,12-Oct,9.5,12-10-2001,30.2,12-10-1-7,336.2
1,12:24,2200,BUDGET CAR & TRUCK RENTAL HANDICAP 3UP 78+ HCP,2,RED ARMY,WILLIAM PIKE,1.7,1.2,7,SWIFT PLATINUM,BEAUX BANOVIC-EDWARDS (A3.0),-,11.3,1,WESTERN TEMPLE,CHRIS GRAHAM (A3.0),-,-,3,SUPERIOR SMILE,JOSEPH AZZOPARDI,-,-,24.3K,"7,058","5,261","2,989",13.8K,16.3K,"1,051",-,02-Jul,33.1,02-Jul,49.6,02-07-2001,212.7,2-7-1-3,561.8
2,13:04,1500,HAPPY 30TH BIRTHDAY TIARNNA ROBERTSON HANDICAP 3Y 62+ HCP,1,KELVIN,CHRIS GRAHAM (A3.0),5.6,2.3,6,DEPUTANO,BRAD PARNHAM,-,3.9,2,LAST OF THE LINE,RYAN HILL,-,-,3,DIVIDE THE SEA,CHRIS PARNHAM,-,-,29.9K,"8,710","5,526","3,671",17.8K,17K,"1,028",26.6K,01-Jun,26.1,01-Jun,36.8,01-06-2002,52.3,1-6-2-3,214
3,13:44,1000,TABTOUCH WESTSPEED PLATINUM HANDICAP 3UP 0MW 57+ HCP,4,ROUND THE POINT,SHAUN MCGRUDDY,9.6,3,8,DEW WEST,WILLIAM PIKE,-,2.6,10,WAKAN TANKA,STEVEN PARNHAM,-,2,7,BEAT THE BELL,EMMA STENT,-,-,22.1K,12.2K,"5,449","1,868",13.4K,"8,096","1,006",-,04-Aug,59.9,04-Aug,135.9,04-08-2010,540.3,4-8-10-7,11103.9
4,14:24,1000,SEACORP HANDICAP 3UP 78+ HCP,8,GUNS OF NAVARONE,BRAD PARNHAM,10.7,2.6,5,MERVYN,MITCHELL PATEMAN,-,1.3,9,HOBOKEN,STEVEN PARNHAM,-,3.2,10,MASSIMO,WILLIAM PIKE,-,-,36.7K,22.5K,10.7K,"4,491",28.9K,20.2K,"2,134",-,05-Aug,20.3,08-May,53.3,08-05-2009,407.1,8-5-9-10,728.3
5,15:03,1600,MRS MAC'S HANDICAP 2UP 72+ HCP,11,UTGARD LOKI,LUCY WARWICK,3.4,1.6,5,BRITISH BESSY,ALAN KENNEDY,-,5.5,2,LORENTINIO,CHRIS GRAHAM (A3.0),-,2,6,LAUFEY,WILLIAM PIKE,-,-,45.6K,20.9K,10.4K,"3,461",29K,18.3K,"2,036",-,05-Nov,54.2,11-May,46.9,11-05-2002,291,11-5-2-6,1771.2
6,15:45,1200,GLENROY CHAFF HANDICAP 3UP 66+ HCP,10,BLACK DUCATI,CHRIS PARNHAM,5.4,2.2,7,LIPSTICK FLICKERS,SHAUN MCGRUDDY,-,2.1,13,SOLID AZZA,JOSEPH AZZOPARDI,-,4.9,5,GATES OF BABYLON,CHRIS GRAHAM (A3.0),-,-,57.4K,29.5K,19.6K,"5,794",45.4K,26.6K,"3,287",274K,07-Oct,10.7,10-Jul,23.1,10-07-2013,237.1,10-7-13-5,1526.6
7,16:20,3200,WESTERN AUSTRALIA CUP 3UP 89+,1,SPIRITUAL WARRIOR,LUCY WARWICK,2.9,1.2,3,DARK MUSKET,JASON WHITING,-,1.8,7,HE'S A PARKER,CHRIS PARNHAM,-,1.5,11,STAFFORD'S LAD,JARRAD NOSKE,-,-,61.8K,26.4K,14K,"4,837",57.2K,44.7K,"4,465",-,01-Mar,9,01-Mar,16.9,01-03-2007,41.3,1-3-7-11,211.8
8,17:00,1400,AMELIA PARK-WA SIRES' PRODUCE STAKES 2Y GROUP3 SW,5,WATCH ME DANCE,SHAUN MCGRUDDY,1.8,1.04,1,DOM TO SHOOT,PATRICK CARBERY,-,2.1,2,EM TEE AYE,JARRAD NOSKE,-,4.1,9,CHICLETT,JOSEPH AZZOPARDI,-,-,61.1K,27K,14.9K,"6,774",46K,163K,11.4K,-,01-May,5.5,05-Jan,7.9,05-01-2002,73.4,5-1-2-9,398.6
9,17:25,1400,CROWN PERTH HANDICAP 2UP 0MW 60+,13,SHE'S ALIGHT (NZ),PATRICK CARBERY,11.7,3.6,14,SNIPPY MISS,CLINT JOHNSTON-PORTER,-,3.3,11,BABY BLUES,JOSEPH AZZOPARDI,-,2.5,3,SKINNEN TINS,JADE MCNAUGHT (A1.5),-,-,59.8K,27.7K,15.6K,"5,475",54.1K,41.4K,-,-,13-14,69.3,13-14,151,13-14-11,1114,13-14-11-3,15380.3
0,18:21,2100,"TABTOUCH WESTBRED MARES FEATURE MS PACE (SKY2) NE HWOE $6,000+ PACE SKY2",6,HONG KONG DOLLY,DYLAN EGERTON-GREEN,2.7,1.8,2,SANFORD TILLY,HAYDEN HANCOCK,-,3.8,5,DOTANDNELL,BAILEY MCDONOUGH,-,-,3,BORONIA GULLY,CHRIS LEWIS,-,-,"8,281","3,990","1,098","1,418","3,485","2,604",154,"2,615",02-Jun,7.6,06-Feb,8.1,06-02-2005,44.4,6-2-5-3,158.5
1,18:58,2100,"TABTOUCH COMMUNITY MS PACE (SKY2) NE HWOE $6,000+ PACE SKY2",1,MY LOVE LETTERS (NZ),CHRIS LEWIS,1.6,1.04,2,HURN,DEAN MILLER,-,1.8,8,ALTA CAMINO,TRENT WHEELER,-,3,6,I WORK OUT (NZ),JOSEPH SUVALJKO,-,-,"2,728","2,148","1,075",615,"3,274","2,526",84,-,01-Feb,3.6,01-Feb,4.7,01-02-2008,37.1,1-2-8-6,248.4
2,19:45,1609,"SKY RACING MS PACE (SKY2) L5$ LT $4,000 PACE SKY2",1,EDMUN DEE,ALDO CORTOPASSI,2.7,1.3,4,OWNTHETHRONE,DONALD HARPER,-,2.2,5,SHEZLIKATERROR,MICHAEL GRANTHAM,-,3.1,6,SHADES OF ELLIE,CHRIS VOAK,-,-,"7,942","2,783","1,978",948,"4,548","4,030",178,-,01-Apr,15.3,01-Apr,18,01-04-2005,125.8,1-4-5-6,461.8
3,20:10,2569,"SOUTHERN CROSS AUSTEREO MS PACE (SKY1) NE HWOE $25,000+ PACE SKY1",7,ALTA RHETT,KAIDEN HAYTER,15.1,3.5,6,ANTERO,SHANNON SUVALJKO,-,1.8,8,OURBOYBART,EMILY SUVALJKO,-,1.5,4,SHEZA SPOILT MISS,DEAN MILLER,-,-,"6,998","3,282","2,215","1,231","6,871","6,708",320,-,06-Jul,23.2,07-Jun,54.2,07-06-2008,288.2,7-6-8-4,2127.8
4,20:35,2100,"SUNWISE DIGGERS CUP MS PACE (SKY1) HWOE LT $40,000 PACE SKY1",10,HOIHO (NZ),MARK JOHNSON,6.4,1.9,7,WALSH,AIDEN DE CAMPO,-,1.5,9,ANVIL ROLLOVER,DEAN MILLER,-,2.3,8,IT AINT ROYAL,MADELEINE YOUNG,-,-,"9,437","4,500","2,229","1,110","8,039","3,574",233,12.8K,07-Oct,10.2,10-Jul,29,10-07-2009,184.6,"10-7-9-8
                                            Partial C/O","5540.50
                                            (887.23)"
5,21:00,2569,WASBA COUNTRY OAKS 3YO WESTBRED FILLIES MS PACE (SKY) 3Y OPEN PACE SKY1,1,SPORTS PACKAGE,SHANE YOUNG,5.7,1.3,6,BLUE CHIP ADDA,AIDEN DE CAMPO,-,3.4,2,SUING YOU,GARY HALL JNR,-,1.2,10,BLOCKJORG,JOCELYN YOUNG,-,-,"8,470","3,148","2,122","1,618","9,195",11.6K,419,-,01-Jun,32.3,01-Jun,84.7,01-06-2002,121.6,1-6-2-10,790.5
6,21:25,2503,"TINT CITY - ARCTIC AIR SS PACE (SKY1) HWOE $6,000+ PACE SS SKY1",6,FORGOTTEN HIGHWAY (NZ),MICHAEL GRANTHAM,1.3,1.3,2,ADDA ROCKINHEAVEN,DEAN MILLER,-,2.9,3,PERLEE GATES,SHANNON SUVALJKO,-,-,1,BEIDERBECKE,EMILY SUVALJKO,-,-,"4,814","1,973","1,881","1,116","6,115","5,095",259,-,02-Jun,5,06-Feb,4.2,06-02-2003,17.9,6-2-3-1,36
7,21:58,1609,"CITY AND REGIONAL FUELS 2YO MS PACE (SKY1) 2Y NE HWOE $6,000+ PACE SKY1",5,LAVRA JOE,CHRIS LEWIS,2.2,1.5,3,SUGAR STREET (NZ),GARY HALL JNR,-,1.8,4,STAR OF WILLOUGHBY,CHRIS VOAK,-,-,2,PELIGROSO,RYAN BELL,-,-,"4,477","1,110","1,153",858,"3,146","3,085",-,-,03-May,4.3,05-Mar,6.9,05-03-2004,13.3,5-3-4-2,49.2
0,19:07,520,WATCH US ON TABTOUCH APP MDN,5,BURSWOOD BANDIT,J. DAILLY,5,3.3,7,BAGO MOSCATO,J. DAILLY,-,3.2,8,ORIENTAL RUNNER,E. CRUDELI,-,-,2,JETT'S CRACKER,B. GUMMOW,-,-,"7,696","2,421","1,402",976,"4,442","2,907",87,"3,901",05-Jul,27.8,05-Jul,44.6,05-07-2008,224.6,5-7-8-2,1143.9
1,19:30,380,AFRO FREEWAY GOTY 1983 GR5,8,HELLO I'M RONGO,B. MACLEAN,5.4,1.6,5,PROPER CHARLIE,J. IWANYK,-,2.2,4,SKIP THE LINE,B. COOK,-,1.04,3,CHAROS REWARD,J. RIGHETTI,-,-,"7,837","3,640","2,581",992,"5,760","5,001",200,-,05-Aug,20.3,08-May,31.4,08-05-2004,106.9,8-5-4-3,185.7
2,19:53,520,CAPOBIANCA GOTY 1991 NOV,6,VAN BUREN,J. MARSH,4.7,1.8,7,WEST ON AXEL,C. HALSE,-,1.8,3,WESTDALE HAILEE,J. DAILLY,-,1.04,9,MY BLACK WIDOW (4),J. DAILLY,-,-,"6,153","4,273","1,688",865,"6,554","4,156",98,-,06-Jul,15.3,06-Jul,24,06-07-2003,78.1,6-7-3-9,605.5
3,20:15,600,ELEKTRA GOTY 2008 MX 4/5,1,BLUE SUMMER SKY,P. STUART,3.4,1.6,6,BLACK SIGNATURE,C. HALSE,-,1.04,2,GOBLIN MONELLI,D. HOBBY,-,1.6,4,SNALLYGASTER,E. CRUDELI,-,-,"7,431","2,881","1,760",905,"7,324","5,579",154,-,01-Jun,5,01-Jun,11.2,01-06-2002,28.1,1-6-2-4,112.7
4,20:30,520,KEITH HARDING GR5,1,STEVE MONELLI,D. HOBBY,3.1,1.6,3,NEIL'S GIRL,T. ERENSHAW,-,6.4,6,ROLO MONELLI,D. HOBBY,-,2.6,2,WEREWOLF MONELLI,D. HOBBY,-,-,"8,109","5,389","2,095","1,486","7,535","5,602",151,14.4K,01-Mar,61.6,01-Mar,70.7,01-03-2006,487.5,1-3-6-2,2489.9
5,20:50,520,WA RACING HALL OF FAME 2017 GR5,7,FANTASTIC BRONX,N. CROOK,9.2,2.6,8,SUNSET MILO,D. HOBBY,-,2,1,WEST ON TINY,C. HALSE,-,2.5,3,COSMIC GAS,J. MARSH,-,-,"7,495","3,044","2,344",892,"7,689","4,883",219,-,07-Aug,16.6,07-Aug,33.4,07-08-2001,205.2,7-8-1-3,849.3
6,21:05,520,SEEKING JUSTICE MX 4/5,3,MORE MORE MORE,N. CROOK,6.1,1.8,1,EMPTY CHAMBER,T. ERENSHAW,-,3.2,2,INCREDIBLE HERO,F. FARRELL,-,1.7,8,GO GETTEM BINGO,B. ABERCROMBIE,-,-,"4,963","2,178","1,178",795,"5,783","4,093",142,-,01-Mar,26.9,03-Jan,50.3,03-01-2002,202.3,3-1-2-8,1251.5
7,21:20,715,CAR PARK KEITH FFA,2,FLAKE MONELLI,D. HOBBY,1.1,1.04,1,GRACE ALI,C. HALSE,-,2.2,8,ROCKSTAR PATRIOT,P. STUART,-,-,6,WEST ON VIOLET,C. HALSE,-,-,"4,500","1,915","1,193",838,"4,062","3,753",111,-,01-Feb,2.2,02-Jan,2.9,02-01-2008,5.9,2-1-8-6,6.6
8,21:42,380,LIVING IMAGE MDN,2,HASHTAGGED,D. IRWIN,11.8,3.6,3,SIN CITY CASH,J. RIGHETTI,-,4,4,SHE'S A WOMAN,B. MCPHERSON,-,-,1,DISASTROUS,B. MACLEAN,-,-,"5,310","1,913","1,634",876,"4,633","4,930",325,-,02-Mar,91.8,02-Mar,38.9,02-03-2004,164.1,2-3-4-1,741.4
9,22:03,520,BARNEY STINSON MX 4/5,6,STAR BOOK,J. MARSH,1.8,1.3,8,PIXIE MONELLI,D. HOBBY,-,1.8,1,FANTASTIC GIGI,S. KAVANAGH,-,-,7,WESTDALE BANDIT,J. JORMANAINEN-DAVIS,-,-,"4,672","1,885","1,996",628,"5,009","4,634",193,-,06-Aug,2.7,06-Aug,5.6,06-08-2001,18.4,6-8-1-7,114.1
10,22:18,380,FREEWAY ACE NOV,7,LAKOTA GUNDI,C. BENNETT,7.7,3.4,2,SAUSILITO,J. IWANYK,-,2.1,3,COMPENSATION,M. JULIEN,-,-,8,SUDOKU OPAL,J. RIGHETTI,-,-,"4,203","1,100","1,691",811,"4,638","4,937",351,-,02-Jul,10.5,07-Feb,24.3,07-02-2003,282.8,7-2-3-8,1061.7
11,22:35,380,WATCH US ON SKY RACING FFA,6,FAB'S EXCISE,J. DAILLY,5.9,3.1,2,FREDDO MONELLI,D. HOBBY,-,2.8,7,DANICA KEEPING,S. WILLIAMS,-,-,8,JOKER POKER,S. WITHERS,-,-,"4,855","2,137","1,761","1,137","6,338","4,889",-,-,02-Jun,17,06-Feb,29,06-02-2007,145.8,6-2-7-8,593.2
0,10:15,1400,NEDS SAME RACE MULTI HANDICAP BM78 HCP,6,JUMBO OZAKI,CRAIG WILLIAMS,4,1.8,9,SIKORSKY,DAMIEN OLIVER,-,3.2,14,ARCTIC SHOCK (NZ),JESSICA EATON (A2.0),-,4.1,7,WRITE YOUR NAME,TEODORE NUGENT (A2.0),-,-,72.7K,46.1K,40.2K,11.5K,79.2K,47.2K,16.4K,-,06-Sep,17,06-Sep,31.2,06-09-2014,346.9,6-9-14-7,2767.8
1,10:50,1400,BLUE GUM FARM VOBIS GOLD DISTAFF 3UP SW+P F&M,6,CLARICE CLIFFS,JYE MCNEIL,3.5,1.6,4,SOMETHING SILVER,BEN MELHAM,-,3.3,2,PURE SCOT,CRAIG WILLIAMS,-,3.3,8,PART TIME LOVER,JAMIE KAH,-,-,67.7K,34.4K,31K,"9,259",65.7K,46.9K,"8,429",212K,04-Jun,45.1,06-Apr,61.3,06-04-2002,699.8,6-4-2-8,3557.3
2,11:25,1200,SPENDTHRIFT AUSTRALIA VOBIS GOLD SPRINT 3UP SW+P,8,VAINSTREAM,NOEL CALLOW,11.6,2.9,12,STREET ICON,THOMAS STOCKDALE (A),-,9.1,3,TELEPLAY,MICHAEL DEE,-,3.5,4,ASHLOR,DANIEL STACKHOUSE,-,-,81.1K,49K,38.2K,13.6K,88.9K,57.2K,15.5K,-,08-Dec,344.9,08-Dec,620.1,08-12-2003,7072.5,8-12-3-4,79218.9
3,12:00,2000,SUREWISE VOBIS GOLD HEATH 3UP SW+P,6,SENTIMENTALIST,DWAYNE DUNN,11.5,2.3,1,MR QUICKIE,DAMIEN OLIVER,-,1.2,7,THINK WE'RE DUE,BEN MELHAM,-,3.3,2,SOPRESSA,MARK ZAHRA,-,-,75.9K,37.8K,31.8K,11.6K,73.8K,55.7K,12.5K,-,01-Jun,10.3,06-Jan,32.4,06-01-2007,231.4,6-1-7-2,1343.7
4,12:40,1600,IRT VOBIS GOLD MILE 3UP SW+P,3,SO SI BON,MARK ZAHRA,4.2,1.8,9,STREET SHEIK,BILLY EGAN,-,4.6,1,ICONOCLASM,CRAIG WILLIAMS,-,2,6,MAMZELLE TESS,BEN THOMPSON,-,-,115K,70.6K,48.3K,13.7K,118K,70.1K,16.3K,-,03-Sep,32.8,03-Sep,51.2,03-09-2001,232.2,3-9-1-6,1344.5
5,13:20,1200,THE SHOWDOWN 2Y SW,2,KHOEKHOE,FRED W KERSLEY (A),13.9,4.2,10,RIVER NIGHT,JAMIE KAH,-,2.2,3,GALACTIC FURY,BEN ALLEN,-,12.1,12,MISS INBETWEEN,BEN MELHAM,-,-,115K,72.6K,46.8K,13.4K,109K,55.4K,13.7K,1.20M,02-Oct,38.8,02-Oct,76.8,02-10-2003,2742.6,2-10-3-12,51021.7
6,14:00,1100,NEDS BEL ESPRIT STAKES LISTED HCP,8,WILLIAM THOMAS,MICHAEL DEE,10.6,3.4,10,HUMMA HUMMA,DANIEL STACKHOUSE,-,2.4,15,CORUSCATE,JYE MCNEIL,-,3.1,9,LYRE,MARK ZAHRA,-,-,137K,84.2K,48.3K,13.3K,116K,62K,16.7K,-,08-Oct,44.4,08-Oct,94,08-10-2015,736,8-10-15-9,2538
7,14:40,1100,AVENEL EQUINE HOSPITAL VOBIS GOLD DASH 3UP SW+P,9,LANKAN STAR,DANIEL STACKHOUSE,19.1,4.6,16,PAUL'S REGRET,BEAU MERTENS,-,3.7,14,FELICIA,DAMIEN OLIVER,-,2.7,10,KNOWLES,CRAIG WILLIAMS,-,-,134K,73.2K,59.3K,16.9K,134K,64.7K,30.8K,-,Sep-16,100.9,Sep-16,271.1,9-16-14,3164.7,9-16-14-10,9031.3
8,15:15,1600,THE VOBIS SIRES GUINEAS 3UP SW,14,FLORENT,JAKE NOONAN,47,9.4,10,LEALE,BEAU MERTENS,-,7.5,12,AFFAIR TO REMEMBER,DAMIEN OLIVER,-,1.3,11,DON'TTELLTHEBOSS,BRETT PREBBLE,-,-,149K,76.1K,58.3K,18K,138K,87.7K,-,-,Oct-14,319.2,14-Oct,841,14-10-2012,5194.4,14-10-12-11,54280.3
0,09:33,1640,HELP A NEIGHBOUR MAIDEN PLATE MDN-SW,5,CITY SMART,JAKE BAYLISS,2.8,1.2,2,PHOENIX RAIDER,MICHAEL MURPHY,-,3,6,MONSTER OF POWER,LARRY CASSIDY,-,1.7,7,VALIDAR,JAMES ORMAN,-,-,15.6K,"9,225","8,989","2,401",17.7K,14.9K,"2,556",-,02-May,16.8,05-Feb,22.2,05-02-2006,85.2,5-2-6-7,483.5
1,10:08,2220,MILLERS SWIM SCHOOL BENCHMARK 90 HANDICAP BM90 HCP,2,BOOM BOOM EPIC,MADELEINE WISHART (A3.0),5.4,2.7,4,POPULIST,COREY BAYLISS (A2.0),-,1.1,6,TACTICAL MANUEVER,ADAM SEWELL,-,-,3,BROCSON,ADIN THOMPSON (A2.0),-,-,19.8K,"4,848","3,953","2,029","7,158","9,502",567,17.6K,02-Apr,3.3,02-Apr,8,02-04-2006,49.2,2-4-6-3,98.4
2,10:43,1350,THANK YOU HEALTHCARE WORKERS QTIS TWO-YEARS-OLD HANDICAP 2Y  HCP,6,STAROSA,BAYLEE NOTHDURFT (A),12.5,3.9,1,TUMBLER RIDGE,JUSTIN HUXTABLE (A2.0),-,1.04,2,BROKEN HERO,BRAD STEWART,-,-,3,MISHANI EPIC,ADIN THOMPSON (A2.0),-,-,15.6K,"4,855","7,147","2,924",12.7K,15.1K,"1,210",-,01-Jun,9.2,06-Jan,48.9,06-01-2002,44.7,6-1-2-3,125.5
3,11:18,1350,TAB QTIS THREE-YEARS-OLD MAIDEN PLATE 3Y MDN-SW,2,ANGUS THE BLACK,BAYLEE NOTHDURFT (A),1.6,1.04,6,HEARTS DENIED,ADIN THOMPSON (A2.0),-,2.2,7,LEO THE LION,ANDREW SPINKS,-,13.8,3,BARONET,SEAN CORMACK,-,-,21.4K,11.9K,"9,831","5,646",21.8K,18.2K,"1,317",-,02-Jun,5.2,02-Jun,4.2,02-06-2007,169.9,2-6-7-3,772.8
4,11:53,1640,BERNBOROUGH ASCOT OPEN HANDICAP OPEN HCP,4,SABKHAT,JUSTIN HUXTABLE (A2.0),17.4,3.9,3,MAGNUFIGHTER,COREY BAYLISS (A2.0),-,2,2,GET STUCK IN,BAYLEE NOTHDURFT (A),-,-,8,COASTAL PRINCE,TAYLOR MARSHALL,-,-,20.1K,"7,963","7,056","4,474",16.7K,18.9K,"1,495",-,03-Apr,33.3,04-Mar,121.9,04-03-2002,104.7,4-3-2-8,1675.4
5,12:32,1110,LEXUS CLASS 3 PLATE CL3-SW,14,NIEDORP,BAYLEE NOTHDURFT (A),1.3,1.04,12,GARIBALDI,ANTHONY ALLEN,-,1.8,6,TREVELLO,JUSTIN HUXTABLE (A2.0),-,2,2,PERFECT AIM,ADIN THOMPSON (A2.0),-,-,29.2K,16K,15K,"5,276",37K,29K,"1,471",73K,Dec-14,2.9,14-Dec,3.5,14-12-2006,9.9,14-12-6-2,75.9
6,13:12,1110,ROKU GIN QTIS THREE-YEARS-OLD HANDICAP 3Y HCP,5,BOLD STYLE,MARK DU PLESSIS,7,2.7,7,THE MOVE,BAYLEE NOTHDURFT (A),-,1.6,4,GO DEEP,BRAD STEWART,-,-,8,EMMA'S JET,JAMES ORMAN,-,-,30.8K,12.9K,17K,"5,998",22.3K,24.3K,"1,862",-,05-Jul,7.4,05-Jul,19,05-07-2004,139.7,5-7-4-8,899.3
7,13:52,1200,XXXX DRY BENCHMARK 85 HANDICAP BM85 HCP,10,RACECOURSE ROAD,JAMES ORMAN,3.4,1.8,11,STARVIRGO,MARK DU PLESSIS,-,1.5,12,STELLAR POWER,LUKE TARRANT,-,3.3,3,ENTERPRISE PRINCE,BRAD STEWART,-,-,39.1K,14.9K,15.7K,"4,909",24.3K,17.7K,"3,854",-,10-Nov,8.5,10-Nov,15.4,10-11-2012,95.9,10-11-12-3,361.5
8,14:32,1350,RACECOURSE VILLAGE BENCHMARK 72 HANDICAP BM72 HCP,10,SCATHING,JUSTIN HUXTABLE (A2.0),2.2,1.2,3,LIGHT UP THE ROOM,ALANNAH FANCOURT,-,2.4,11,ERRINGHI SPRING,SEAN CORMACK,-,2.5,8,AMICITIA,ANTHONY ALLEN,-,-,48.2K,22.2K,18.7K,"5,888",36.1K,24.2K,-,-,03-Oct,12.6,10-Mar,15.6,10-03-2011,113.9,10-3-11-8,560.3
0,16:22,1800,TAB PACE (SKY 2) NR 60 TO 73 PACE SKY 2,4,REGAL SCRIBE,MARK BILLINGER,7.4,2.4,5,DONT TELL WILLIAM,LISA RYAN,-,2,8,LABELLA ROCK,WAYNE HILL,-,1.4,9,DONT TELL ALICE,DAVID SMITH,-,-,"3,874","1,281","1,061",384,"2,192","1,146",58,947,04-May,23.6,04-May,40.8,04-05-2008,144.4,4-5-8-9,206
1,16:50,1800,ARCLIGHT PHOTOGRAPHY PACE  (SKY 2) NO NR PACE  SKY 2,1,WHATABRO,DARREN BILLINGER,3.2,1.5,8,TUNZA TENACITY,NICK BROWN,-,5.9,4,FAIRIESDELIGHT,DAVID SMITH,-,2,7,JAGGED SHADOW,SAMANTHA PASCOE,-,-,"5,656","2,598","1,164",759,"3,377","1,780",67,-,01-Aug,66.3,01-Aug,64.8,01-08-2004,303.3,"1-8-4-7
                                            Partial C/O","2758.30
                                            (668.59)"
2,17:25,1800,HYGAIN FIBRE PROTECT PACE (SKY 1) NR 54 TO 59 PACE SKY 1,1,AH LA VITESSE (NZ),DAVID SMITH,30.4,3.3,6,MAHARAJAH (NZ),WAYNE HILL,-,2.5,3,WAITPINGA LAD,RYAN HRYHOREC,-,1.7,5,JUST CAPPY,LEAH HARVEY,-,-,"2,842","1,501",567,415,"1,552","5,441",78,-,01-Jun,81.2,01-Jun,156.9,01-06-2003,797.9,1-6-3-5,2612.4
3,17:55,1800,NEWSPOT MOTOR GROUP PACE (SKY 1) NR UP TO 53 PACE SKY 1,7,CAULONIA ARTY,DANIELLE HILL,4.5,1.3,4,ILLUSIONATION,DARREN BILLINGER,-,1.4,1,BLACK ART (NZ),JAKE WEBSTER,-,2.3,5,HOCKYGREG,TIANA MCMAHON,-,-,"8,928","3,759","2,289","1,546","6,020","3,953",110,-,04-Jul,6.8,07-Apr,18.2,07-04-2001,78.1,7-4-1-5,354
4,18:25,2645,2020 ALDEBARAN PARK GRAMEL TROTTERS CUP  (SKY 1) NR 58 OR BETTER SS SKY 1,8,ITS ELVIS (NZ),GAITA PULLICINO,4,1.6,5,COOLBREEZE,COREY JOHNSON,-,2.3,6,CHAMPAGNE PRINCE (NZ),MARK BILLINGER,-,1.5,1,ALDEBARAN BROOZER (NZ),RYAN HRYHOREC,-,-,"4,459","1,988","1,012",741,"2,771","1,995",107,"4,202",05-Aug,15.6,08-May,29.3,08-05-2006,108.2,8-5-6-1,656.1
5,18:55,1800,2020 ALABAR GOLDEN NURSERY (HEAT 1) (SKY 1) NO NR SKY 1,5,ARTILLERY,MARK BILLINGER,5.6,2,6,SANUR BEACH,JAYSON FINNIS,-,1.5,3,BETTAMINETHANYOURS,DANIELLE HILL,-,-,7,BETTER STEAM AHEAD,MICHAEL A SMITH,-,-,"5,548","2,231","1,721",927,"4,354","3,927",117,-,05-Jun,3.9,05-Jun,9.6,05-06-2003,26.6,5-6-3-7,77
6,19:25,1800,2020 ALABAR GOLDEN NURSERY (HEAT 2)  (SKY 1) NO NR SKY 1,1,DANCING FINN,RYAN HRYHOREC,1.2,1.04,3,LADY ALEXIA,SAMANTHA PASCOE,-,37.4,7,THISWAYTOTHEBEACH,MICHAEL NORMAN,-,-,4,THE SNEAKY FOX,MARK BILLINGER,-,-,"4,272","2,682","1,207","1,388","5,120","4,301",166,-,01-Mar,42.6,01-Mar,38.2,01-03-2007,230.8,1-3-7-4,1185.6
7,19:56,1800,2020 ALABAR GOLDEN NURSERY (HEAT 3)  (SKY 1) NO NR SKY 1,6,BLACKTOP ROCK,RYAN HRYHOREC,2.2,1.1,2,MAJOR REASON,DON GIRARDI,-,6.2,7,SPRINGFIELD AFFAIR,DANIELLE HILL,-,-,4,NORTHERN TERROR,DALE AFFORD,-,-,"7,107","2,248","1,294","1,017","5,320","4,446",-,-,02-Jun,31.6,06-Feb,46,06-02-2007,223.1,6-2-7-4,405.5
0,15:34,305,LADBROKES BOOST MAIDEN MDN,3,BOWIE BONUS,E. HARRIS,2.5,1.3,8,PRETTY PAWS,J. CORRIGAN,-,1.04,5,SMUGGLER'S RUN,L. MORGAN,-,-,1,MATESHIP,S. KEEP,-,-,"3,022",831,498,243,"1,307",997,19,116,03-Aug,1.5,03-Aug,3.6,03-08-2005,10.4,3-8-5-1,21.8
1,15:57,407,LADBROKES BACK YOURSELF MAIDEN MDN,5,ARTY BARTY,C. MCPHEE,3.9,1.4,2,KALANG BEACH,T. RICE,-,1.04,6,LITTLE RED ROSIE,S. KEEP,-,-,4,EMERLEY BURNOUT,L. NORTH,-,-,"6,277","2,022","1,295",610,"3,780","3,369",38,-,02-May,2.4,05-Feb,6.7,05-02-2006,31.2,5-2-6-4,105.4
2,16:12,305,LADBROKES LIVE STREAMING MASTERS M3,9,YOU TELAM JOY (7),A. BUNNEY,8.3,3.3,1,MAGIC RAE ROSE,D. LOWE,-,2.8,4,ODI SANNETTE,T. RICE,-,-,6,KULU EAGLE,J. CLARSON,-,-,"9,418","2,224","1,957",752,"4,975","3,346",81,-,01-Sep,14.7,09-Jan,47.8,09-01-2004,128.5,9-1-4-6,1108.2
3,16:37,480,VILLAGE GREEN HOTEL 0-1 WIN STAKES MX,2,MANDOZA RIPPLE,T. RICE,4.5,2.9,7,OVERGRIP,A. MONAGHAN,-,1.4,6,DELROY BOY,W. FOSTER,-,-,1,NASTASSJA,G. STREATFIELD,-,-,"5,754","2,302",816,430,"2,174","1,473",56,-,02-Jul,7.6,02-Jul,10.2,02-07-2006,37.4,2-7-6-1,138.4
4,16:57,480,BIG RIVER PIZZA 0-1 WIN STAKES MX,6,RINADEENA,A. MONAGHAN,3,1.5,1,HAZEL BONUS,E. HARRIS,-,1.4,7,THAT FELLA,L. GREEN,-,-,4,HAVANA BROWN,T. HICKSON,-,-,"3,470","1,561",683,308,"1,191","1,174",5,367,01-Jun,3.3,06-Jan,9.2,06-01-2007,19.1,6-1-7-4,64.3
5,17:19,305,GDSC STAKES MX 4/5,1,KINGSBRAE JESS,C. MCPHEE,3.2,1.2,5,NAY GLEE,R. GARDOLL,-,1.1,2,PARIS GAMBLER,P. LAVIS,-,1.7,7,PANTHER PAUL,C. FIELD,-,-,"2,962","1,449",871,260,"1,992",921,71,-,01-May,3.8,01-May,8.2,01-05-2002,38.9,1-5-2-7,369
6,17:46,305,CLARENCE VALLEY SHEDS STAKES GR5,3,PASS THE SAUCE,A. MONAGHAN,2.8,1.4,7,SCRAPED BY,J. KING,-,1.4,4,ZOMBIE QUEEN,W. KEMPSHALL,-,4.1,5,GRIS GAMBLER,P. LAVIS,-,-,"5,010","2,594",821,246,"1,497","1,003",98,-,03-Jul,12.5,03-Jul,29,03-07-2004,391.6,"3-7-4-5
                                            Partial C/O","1555.40
                                            (291.35)"
7,18:09,305,SEDGERS REEF HOTEL STAKES FFA,7,OLD DOMINION,G. ROBERTSON,26,16,2,FLOKI JAPPA,S. KEMPSHALL,-,2,1,KINGSBRAE TREVOR,A. MONAGHAN,-,1.3,3,COPPERHEAD ROGUE,S. KEEP,-,-,"3,499","1,828",705,307,"2,288","3,831",115,-,02-Jul,270.8,"7-2
                                            Partial C/O","491.90
                                            (29.29)",07-02-2001,2215,7-2-1-3,3459.9
8,18:32,407,LADBROKES INFO HUB PATHWAYS GR5,1,ARGENT GAMBLER,P. LAVIS,3.8,1.4,3,MY MAC BOY,C. MCPHEE,-,2.8,7,PREMIER GAMBLER,P. LAVIS,-,1.1,2,LUCA BAZOOKA,T. RICE,-,-,"6,396","1,748",805,570,"2,580","1,326",301,-,01-Mar,12.9,01-Mar,31.3,01-03-2007,87.9,1-3-7-2,402.1
9,18:49,480,LADBROKES STAKES MX 4/5,3,HARI BRANN,A. MONAGHAN,2.4,1.04,8,I'M ZARR ROCK,R. GARDOLL,-,1.04,1,TWICE AS WISE,R. GARDOLL,-,2.1,5,KOORINGA THELLY,C. MCPHEE,-,-,"3,562","1,303",769,242,"1,988","1,373",-,-,03-Aug,2.2,03-Aug,5,03-08-2001,24.5,3-8-1-5,40.4
0,17:00,431,TAB MDN,2,INCLINED,P. SULLIVAN,4.7,2,1,MORE,M. HEILBRONN,-,1.9,4,STAND IN MAIL,M. HEILBRONN,-,4.8,3,ROSDUE CITRUS,T. CHAPMAN,-,-,"2,451","1,479",477,234,"1,230",726,3,50,01-Feb,5.5,02-Jan,8.4,02-01-2004,76.9,2-1-4-3,299
1,17:26,520,SKY RACING NOV,2,HARA'S STAR,A. SOMMERFIELD,14.5,3.7,7,TERROR TURTLE,R. ESSEX,-,1.1,6,SILVER SANDALS,S. LAWRANCE,-,-,3,AUGUSTA MISS,E. RAEBURN,-,-,"2,183",835,510,216,"1,235",654,8,-,02-Jul,10.5,02-Jul,32.4,02-07-2006,70.9,2-7-6-3,263.1
2,17:49,431,WWW.IPSWICHGREYHOUNDS.COM NOV,1,SPRING CLEO,P. BYERS,3,1.04,6,TENDER TALK,M. HEILBRONN,-,2.2,5,TROUNCED,K. OLLERTON,-,14.9,4,MAD INVITE,J. BLOOMFIELD,-,-,"5,427","1,608",776,371,"1,822","1,085",20,-,01-Jun,14.6,01-Jun,37.8,01-06-2005,464.5,"1-6-5-4
                                            Partial C/O","1682.10
                                            (338.78)"
3,18:06,630,DOVER & SONS MX 4/5,6,WAIKARIE BELL,K. KLEINHANS,-,2.9,2,FEDERAL ELLE,C. MUTTON,-,-,8,ZUDACTYL MONELLI,M. CAMPBELL,-,-,1,HOT EMBER,P. O'REILLY,-,-,"2,700",Aban.,311,188,566,"2,427",11,-,02-Jun,1.7,06-Feb,3.4,06-02-2008,9.9,6-2-8-1,9.5
4,18:29,630,ADVENTURE TOURISM AUSTRALIA GR5,1,EIGHT GREEN CANS,J. HOSKING,3.7,1.2,2,ANNIKA,T. TZOUVELIS,-,1.7,3,MINI SOX,P. O'REILLY,-,1.4,4,HARD MARKER,P. FIELD,-,-,"4,182","2,711",632,463,"3,234","2,371",22,"1,549",01-Feb,7.6,01-Feb,20.9,01-02-2003,69.3,1-2-3-4,301.4
5,18:45,431,WWW.IPSWICHGREYHOUNDS.COM MX 4/5,1,SPRING ROCK,P. BYERS,1.7,1.4,3,KEY WEST,K. SNOW,-,2,2,LANARK BLUE,J. HOSKING,-,1,6,RINGBARK REIGN,S. LAWRANCE,-,1.3,"2,702","1,254",659,359,"2,257","1,829",21,-,01-Mar,12.6,01-Mar,14.6,"1-3-2
                                            1-3-6","20.00
                                            33.90","1-3-2-6
                                            1-3-6-2","54.20
                                            79.40"
6,19:04,520,GREG STERNBERG VET SURGEON MX 4/5,3,MOLLY ANNE,D. JOHNSTONE,10.9,3.3,4,MISS IMPERIOUS,D. JOHNSTONE,-,2.4,6,CILLA PREVAILS,G. MITCHELL,-,1.9,8,BOY LLOYD,E. RAEBURN,-,-,"3,045","1,977","1,027",439,"2,899","1,842",18,-,03-Apr,9.7,03-Apr,26.8,03-04-2006,203.8,3-4-6-8,852
7,19:23,520,TAB GR5 FN,6,FLYING JET,P. O'REILLY,4.3,1.6,7,SENORITA MAYWYN,R. ESSEX,-,2.4,5,WADDLING WITCH,J. HOSKING,-,1.1,8,MAYWYN ULYSSES,R. ESSEX,-,-,"8,329","4,327","2,261",833,"5,467","5,009",37,-,06-Jul,15.8,06-Jul,27.1,06-07-2005,122.3,6-7-5-8,165.2
8,19:50,431,WWW.IPSWICHGREYHOUNDS.COM GR5,4,DARK ZORRO,P. O'REILLY,3.7,1.1,2,GO LOU GO,K. SNOW,-,2.8,5,FLYING HOUND,S. ANDREWS,-,3.5,3,ELITE YES SAM,L. MASSEY,-,-,"5,346","2,668","1,647",449,"4,750","2,995",99,-,02-Apr,9.9,04-Feb,10.6,04-02-2005,173,4-2-5-3,718
9,20:06,288,OWNER OF YEAR 2007-BUTIBAM CONF MX 4/5,2,WILD FANTASY,C. MUTTON,3.6,1.9,4,SANTORINI MISS,T. BRETT,-,1.1,8,WILD LILLY,C. MUTTON,-,1.3,7,KID SUNRISE,K. OLLERTON,-,-,"5,219","1,724","1,504",687,"4,962","5,161",-,-,02-Apr,5.6,02-Apr,11.3,02-04-2008,42.2,2-4-8-7,432.9
0,15:52,1720,DNR LOGISTICS PACE NR 61 TO 67 PACE,6,THE DUDE (NZ),RYAN DUFFY,9.1,2,3,MISS MCGONAGALL (EM1),CONNOR CLARKE,-,2.1,7,PRADASON,GREG SUGARS,-,1.4,5,RADIUS,DAVID BARBETTI,-,-,12.5K,"4,783","3,085","1,348","8,444","7,331","1,001",18.9K,03-Jun,26,06-Mar,76.8,06-03-2007,278.2,6-3-7-5,2082.7
1,16:27,2240,TABCORP PARK MEAL DELIVERY NOW AVAILABLE PACE 4Y AND OLDER PACE,2,ITS BACK IN THE DAY (NZ),RHYS NICHOLSON,1.2,1.04,6,IM NO OUTLAW (NZ),GREG SUGARS,-,1.1,4,MACHS GOLD (NZ),RYAN DUFFY,-,2,9,SEIZE POWER,CHARLIE BORG,-,-,"9,462",11.9K,"2,737","1,707",10.4K,"9,199",643,-,02-Jun,3.5,02-Jun,3.1,02-06-2004,7.4,2-6-4-9,62.3
2,16:55,1720,ALLIED EXPRESS PACE NR 60 TO 75 PACE,9,TWO TIMES BETTOR,GREG SUGARS,2.4,1.2,5,SINGLE TREE ROAD,MICHAEL STANLEY,-,1.4,3,LOOKING FABULOUS,RYAN DUFFY,-,1.3,4,MILLAH JOY,KYLIE SUGARS,-,-,"8,610","3,013","2,138","1,129","6,669","5,302",646,-,05-Sep,8,09-May,15.4,09-05-2003,29.8,9-5-3-4,78.5
3,17:30,1720,WOODLANDS STUD TROT NR 65 TO 79,8,IMPERIAL WHIZ (NZ),GREG SUGARS,3.3,1.1,2,FLING ABOUT,FRED SPITERI,-,2.8,7,SCALLYWAG SAM (NZ),JODI QUINLAN,-,1.4,6,FEAR NOT,GLENN CONROY,-,-,11.3K,"3,999","2,620","1,618","7,990","7,783",582,-,02-Aug,26.3,08-Feb,41,08-02-2007,71.2,8-2-7-6,342.4
4,18:03,1720,TALKING TROTS ON SENTRACK PACE NR 78 TO 89 PACE,8,BETTOR BE THE BOMB,RYAN DUFFY,9.4,2.4,10,JEAN LUC (NZ),LANCE JUSTICE,-,1.9,1,OFF THE RADAR,RICHIE CARUANA,-,1.9,4,EL HOMBRE,JODI QUINLAN,-,-,11.6K,"4,866","2,367","1,176","6,054","4,283",933,38.6K,08-Oct,20.7,08-Oct,31.6,08-10-2001,224,8-10-1-4,1525.3
5,18:30,2240,ALABAR PACE NR 90 TO 120 PACE,6,EGODAN,GREG SUGARS,2.3,1.5,4,OUR STEP UP (NZ),JOHN CALDOW,-,2,8,KASBAH KID,RYAN DUFFY,-,-,1,VEE ROCK,DARBY MCGUIGAN,-,-,"5,096","2,218","2,199",515,"4,500","3,741",630,-,04-Jun,4.1,06-Apr,9.2,06-04-2008,15.7,6-4-8-1,26.9
6,19:02,1720,TAB MULTIPLIER PACE NR 68 TO 77 PACE,9,FREDDY FUNK (NZ),GREG SUGARS,4,1.2,10,OUR SPORTSCASTER (NZ),OLIVIA WEIDENBACH,-,3.1,7,MESSERATI,JOHN CALDOW,-,1.6,3,THE GINGERBREADMAN,CRAIG DEMMLER,-,-,"8,920","3,224","2,348","1,164","5,884","4,070",833,-,09-Oct,19.8,09-Oct,20.9,09-10-2007,70.4,9-10-7-3,532.6
7,19:37,2240,ALDEBARAN PARK TROT NR 80 TO 120,6,AUNTIE POPPY,GREG SUGARS,9,3.8,5,YMBRO WASTED,DARBY MCGUIGAN,-,8.4,2,I AM PEGASUS,JOHN CALDOW,-,-,7,SAVANNAH JAY JAY,CRAIG DEMMLER,-,-,"9,707","2,333","3,041","1,444","7,295","5,948",-,-,05-Jun,112.5,06-May,185.6,06-05-2002,737.5,6-5-2-7,3138.6
0,15:40,1609,TAKEAWAYS AT MENANGLE COUNTRY CLUB LADYSHIP PACE NO NR PACE,6,FAME ASSURED,CAMERON HART,6.4,1.9,8,MOLLY KELLY,LUKE MCCARTHY,-,2.2,10,HOWS THE MEMORY,TODD MCCARTHY,-,1.6,7,ROCK N ROLL CHAPEL (NZ),ANTHONY BUTT,-,-,11.5K,"4,450","2,764","3,592",14K,"4,274",691,"3,130",06-Aug,15.5,06-Aug,37.3,06-08-2010,151,6-8-10-7,351.6
1,16:15,2300,CORDINA FARMS FACTORY OUTLET PACE NO NR PACE,11,MAKOA,CAMERON HART,9.2,2.2,3,LOMBO HEAVEN,TODD MCCARTHY,-,2.2,10,PUMP THE BRAKES,SEAN GRAYLING,-,3.6,2,CULTURE KING,LUKE MCCARTHY,-,-,10.3K,"3,900","2,109","1,140","6,100","5,075",437,-,03-Nov,41.2,11-Mar,54.6,11-03-2010,613,11-3-10-2,2766.6
2,16:47,1609,WOODLANDS STUD WEANLINGS FOR SALE PACE NO NR PACE,6,REPLACED EYE,TODD MCCARTHY,2.9,1.3,8,VAN MARA (NZ),ROBERT MORRIS,-,5.8,9,NED PEPPER,GAVIN FITZPATRICK,-,1.9,1,MATAI VALOUR (NZ) (EM1),GLENN MCELHINNEY,-,-,11K,"3,704","2,315","1,291","6,090","5,418",349,-,06-Aug,52.5,06-Aug,45.9,06-08-2009,371.7,6-8-9-1,2271.3
3,17:18,1609,VODKA CRUISER LADYSHIP PACE NO NR PACE,11,HAVTIME (NZ),ROBERT MORRIS,1.3,1.1,9,BETTOR ROBYN,LEONARD CAIN,-,4.1,10,MAKE MINE HEAVEN,BRAD HEWITT,-,7.8,5,LOVE MY SISTER,LUKE MCCARTHY,-,-,"7,954","6,767","1,926",995,"4,753","4,497",215,-,09-Nov,10.8,11-Sep,11.9,11-09-2010,175.3,11-9-10-5,868.9
4,17:48,1609,AINSWORTH A-STAR GOLDEN EASTER EGG 3Y NO NR,5,OUR ANTONIO ROSE,JASON GRIMSON,16.3,2.6,7,VINCENZINA,ROSS ADAMS,-,1.3,8,DR SUSAN (NZ),ANTHONY BUTT,-,1.04,9,TOTAL DIVA (NZ),BLAKE FITZPATRICK,-,-,"6,950","5,407","1,679","1,217","7,167","5,543",347,"9,615",05-Jul,53.5,05-Jul,85.8,05-07-2008,200.6,5-7-8-9,911.7
5,18:18,1609,GARRARDS HORSE & HOUND PACE NO NR PACE,10,CASH N FLOW (NZ),LUKE MCCARTHY,1.9,1.1,4,CRUZ (NZ),TODD MCCARTHY,-,1.4,11,MY FIELD MARSHAL (NZ),ANTHONY BUTT,-,1.6,1,LITTLE RASCAL (NZ) (EM1),JIM DOUGLASS,-,-,"6,921","3,722","1,328","1,254","4,469","3,839",398,-,04-Oct,4.6,10-Apr,8.3,10-04-2011,20.7,10-4-11-1,129.9
6,18:48,1609,MCLAREN REAL ESTATE CARE TO PREPARE TROTTERS MOBILE NO NR,10,DROP THE HAMMER,DARREN HANCOCK,3.4,1.5,9,KOWHAI MONARCH (NZ),TODD MCCARTHY,-,3.1,5,HOTJANE BLING,LUKE MCCARTHY,-,1.5,2,EMPIRE BAY,DAVID MORRIS,-,-,10.5K,"4,494","2,073","1,140","6,120","3,423",663,-,09-Oct,16.7,10-Sep,35.8,10-09-2005,209.5,10-9-5-2,974.3
7,19:18,1609,MULTIQUIP QUARRIES PACE NO NR PACE,5,SMOKIN BY (NZ),TODD MCCARTHY,3.8,1.4,7,OUR WALL STREET WOLF (NZ),LEONARD CAIN,-,2.1,4,SAPPHIRE SWAYZE,CAMERON HART,-,3.1,10,NO APACHEMEE (NZ),JACK TRAINOR,-,-,10.2K,"4,553","2,186","1,241","6,493","4,475",-,-,05-Jul,14.6,05-Jul,23.1,05-07-2004,159.9,5-7-4-10,1765
0,10:26,1050,TERRY HOWE PRINTING HANDICAP 2Y BM62 HCP,5,THERESABEARINTHERE,LACHLAN NEINDORF (A2.0),3.6,1.5,2,EXTRA TIME,JASON HOLDER,-,1.8,6,VANCOUVER VELVET,TEAGAN VOORHAM (A3.0),-,7.1,13,SHE'S ALL SPICE,RYAN HURDLE,-,-,27.4K,12.6K,10.3K,"3,240",17.2K,"9,025","2,768",-,02-May,7.7,05-Feb,13.5,05-02-2006,269.1,5-2-6-13,9137.9
1,11:01,2500,BLAZE AID SA HANDICAP BM78 HCP,2,FRANKED (GB),TODD PANNELL,8,2.3,8,HASTA LA BULLET,EMILY FINNEGAN,-,2.1,1,TURF MAN,JASON HOLDER,-,2,13,SEARAVEN,JUSTIN POTTER,-,-,26.3K,12.4K,"9,204","3,157",17.3K,12.1K,"1,430",27.2K,02-Aug,32.6,02-Aug,93.9,02-08-2001,420.1,2-8-1-13,10926.1
2,11:36,1600,TAB HANDICAP BM86 HCP,8,ROSELLI STING,JAKE TOEROEK,8.2,2.1,9,FRANCE'S BOY,KAYLA CROWTHER (A1.5),-,2.4,5,HANDSOME RETURN (NZ),TODD PANNELL,-,2.7,2,EPERDUMENT,GEORGINA CARTWRIGHT (A2.0),-,-,34.6K,15.6K,14.2K,"4,706",22.9K,15.9K,"3,205",-,08-Sep,26.7,08-Sep,60.6,08-09-2005,398.9,8-9-5-2,3279
3,12:11,1600,AAMI HANDICAP BM60 HCP,16,LOVE FROM LUCY,SAIRYN FAWKE,91.4,20.3,4,SKILLFUL STEPS,CAITLIN JONES (A1.5),-,3,8,LA RICHESSE,GEORGINA CARTWRIGHT (A2.0),-,2.6,17,ALWAYS THE KING (EM1),RYAN HURDLE,-,-,43.2K,21K,17.7K,"4,482",32.1K,17.2K,"3,425",-,Apr-16,447.5,16-Apr,1545.7,16-04-2008,29083.2,"16-4-8-17
                                            Partial C/O","26623.70
                                            (12385.99)"
4,12:51,1050,HOLDFAST INSURANCE HANDICAP (HEAT 9 SA SPRINT SERIES) BM78 HCP HEAT,4,MUM'S MY HERO,TEAGAN VOORHAM (A3.0),12.5,3.3,9,SYMPHONETTE,KAYLA CROWTHER (A1.5),-,1.9,7,BAYOU,LACHLAN NEINDORF (A2.0),-,2.2,8,STAR HILLS,EMILY FINNEGAN,-,-,66K,26.4K,20.7K,"5,347",35.8K,98.4K,"4,071",-,04-Sep,27.3,04-Sep,70.2,04-09-2007,410.7,4-9-7-8,8931.8
5,13:31,1100,FURPHY R N IRWIN STAKES GROUP 3 SWFA,1,GYTRASH,JASON HOLDER,2.1,1.04,7,SUNLIGHT,BAREND VORSTER,-,1.2,2,HOME OF THE BRAVE (IRE),DOM TOURNEUR,-,3,3,VIRIDINE,PAUL GATT,-,-,74K,20.3K,20.4K,"6,515",42.8K,41.4K,"4,985",149K,01-Jul,1.7,01-Jul,3.4,01-07-2002,23.4,1-7-2-3,91.6
6,14:11,1100,WINNING EDGE PRESENTATIONS REDELVA STAKES 3Y SW+P,6,GARNER,JASON HOLDER,5.5,1.8,7,ROCCABASCERANA,TODD PANNELL,-,1.8,11,SIZZLEFLY,KAYLA CROWTHER (A),-,1.6,10,XILONG,BAREND VORSTER,-,-,74.3K,30.1K,22.5K,"6,140",40K,25.7K,"5,861",-,06-Jul,11.6,06-Jul,23.7,06-07-2011,90.9,6-7-11-10,193.5
7,14:51,1800,SCHWEPPERVESCENCE STAKES (REGISTERED AS AURARIA STAKES) GROUP 3 3Y FILLIES SW+P,15,SILENT SOVEREIGN,BAREND VORSTER,11.8,3.5,8,SELICA (NZ),KAYLA CROWTHER (A),-,3.3,17,WALKING FLYING (NZ) (EM1),LACHLAN NEINDORF (A),-,7.3,5,WINGS OF PASTRAMI,SAIRYN FAWKE,-,-,77.1K,40.5K,26.1K,"7,660",49.9K,25.1K,"8,315",-,Aug-15,70,15-Aug,129.3,15-08-2017,3174.9,"15-8-17-5
                                            Partial C/O","38939.70
                                            (4402.42)"
8,15:30,1200,ADELAIDE FESTIVAL OF RACING 2-16 MAY HANDICAP (HEAT 10 AUTUM BM78 HCP HEAT,10,ONE MORE JACK,JUSTIN POTTER,5,1.9,12,AWAKE IN GRINZING (NZ),RYAN HURDLE,-,11.9,2,STREET LIFE,CAITLIN JONES (A1.5),-,3.9,4,AIGUILETTE,SOPHIE LOGAN (A3.0),-,-,81.8K,34.3K,28.8K,"8,505",57.6K,62.6K,-,-,10-Dec,220.7,10-Dec,234.6,10-12-2002,4112,10-12-2-4,60640.9
0,09:55,1200,TAB HIGHWAY HANDICAP 3UP CL3 HCP,14,FENDER,JASON COLLETT,12,3.6,6,TORO TORO,JAMES MCDONALD,-,2.2,10,HELLENISM,TIM CLARK,-,2.1,5,JAILBREAK,NASH RAWILLER,-,-,56.3K,30K,30.2K,"6,359",43K,30.3K,"9,908",-,Jun-14,27,14-Jun,77.9,14-06-2010,254.9,14-6-10-5,1159.6
1,10:35,1200,CATANACH'S SPRINT 3UP BM88 HCP,1,SNITZ,NASH RAWILLER,11,3.4,15,JEN RULES (EM1),ROBBIE DOLAN (A1.5),-,4.3,6,OUTRAGEOUS,TOMMY BERRY,-,3.2,12,GROUNDSWELL,TOM MARQUAND,-,-,63K,41K,34.9K,"7,744",47.9K,27.5K,"6,730",170K,Jan-15,92,Jan-15,179,1-15-6,1346.4,1-15-6-12,11265
2,11:10,1400,MOSTYN COPPER J H B CARR STAKES 3Y FILLIES SW+P GROUP 3,2,RUBISAKI,NASH RAWILLER,1.8,1.1,6,SUBPOENAED (NZ),TOMMY BERRY,-,2.4,11,ST COVET'S SPIRIT,JASON COLLETT,-,5,4,AKARI,TIM CLARK,-,-,48.6K,28.9K,29.7K,12.2K,55K,58.3K,11.3K,-,02-Jun,9.1,02-Jun,14.9,02-06-2011,174,2-6-11-4,909.8
3,11:45,2000,CACTUS IMAGING FRANK PACKER PLATE 3Y SW GROUP 3,12,KINANE (NZ),JAMES MCDONALD,6.8,2,5,BOTTEGA,BRENTON AVDULLA,-,2.6,3,ENTENTE,TIM CLARK,-,2.2,6,CHUCK A LUCK (NZ),ADAM HYERONIMUS,-,-,77.5K,47.1K,39.2K,"8,248",59.1K,42.5K,"8,627",-,05-Dec,27.8,12-May,62.5,12-05-2003,288.7,12-5-3-6,1329.5
4,12:20,1600,MOET & CHANDON CHAMPAGNE STAKES 2Y SW GROUP 1,1,KING'S LEGACY,HUGH BOWMAN,2.3,1.4,2,GLENFIDDICH,TOMMY BERRY,-,5.5,6,OLE KIRK,JAMES MCDONALD,-,1.7,9,FAYERRA,JASON COLLETT,-,-,83.9K,42K,37.9K,"8,985",65.8K,57K,"9,061",-,01-Feb,34.9,01-Feb,48.8,01-02-2006,203.6,1-2-6-9,1745.1
5,13:00,2000,JAPAN RACING ASSOCIATION PLATE 3UP QUALITY GROUP 3,4,LIFE LESS ORDINARY (IRE),JASON COLLETT,8.3,2.6,11,GREYSFUL GLAMOUR,RACHEL KING,-,2.2,5,SHARED AMBITION (IRE),JAMES MCDONALD,-,1.9,3,BEST OF DAYS (GB),HUGH BOWMAN,-,-,86.9K,52.1K,40.4K,"7,650",63.1K,41.2K,12.4K,808K,04-Nov,23.8,04-Nov,58.6,04-11-2005,365.4,4-11-5-3,1171.9
6,13:40,1400,SCHWEPPES ALL AGED STAKES SWFA GROUP 1,9,TOFANE (NZ),OPIE BOSSON,12.3,3.5,1,PIERATA,TOMMY BERRY,-,2.1,10,FASIKA,BRENTON AVDULLA,-,4,13,SUPER SETH,JAMES MCDONALD,-,-,147K,80.7K,75.8K,17.1K,147K,114K,15.3K,-,01-Sep,35.8,09-Jan,71.2,09-01-2010,971.2,9-1-10-13,7660.5
7,14:20,1200,TAB HALL MARK STAKES 3UP SW+P GROUP 3,14,GREYWORM,TOMMY BERRY,4.6,1.9,1,TREKKING,KERRIN MCEVOY,-,2.1,2,KEMENTARI,HUGH BOWMAN,-,1.8,6,LE ROMAIN,NASH RAWILLER,-,-,108K,55.2K,41.8K,"9,916",69.6K,49.7K,17.4K,-,Jan-14,14.8,14-Jan,23.3,14-01-2002,109.1,14-1-2-6,1022.1
8,14:55,1400,JCDECAUX HANDICAP 3UP BM100 HCP,8,RANIER,HUGH BOWMAN,23.2,6.1,15,PHAISTOS (EM1),KERRIN MCEVOY,-,1.9,10,DEALMAKER,BRENTON AVDULLA,-,3.7,4,LANCIATO (NZ),RACHEL KING,-,-,120K,66K,53.5K,12.6K,94.8K,58.4K,-,-,Aug-15,44.6,Aug-15,59.9,8-15-10,944.2,8-15-10-4,11908.5
0,16:32,525,SEQUENTIAL PROPERTY SERVICES GR7,7,FABRIOLA EXPERT,A. DAILLY,9.9,2.5,4,SUNSET BOURBSKI,A. DAILLY,-,1.9,1,LORD DISICK,J. ENNIS,-,1.1,2,PALACE LADY,J. ENNIS,-,-,"6,895","3,113","2,059",692,"6,132","4,379",342,"5,291",04-Jul,27.5,07-Apr,34.7,07-04-2001,174.1,7-4-1-2,584
1,16:52,525,SKY RACING GR6,6,BURN TIME,L. HELLMUTH,5.8,1.1,7,PURE QUALITY,T. AULD,-,1.4,5,ENTWINED,J. NIBBS,-,10.9,3,DENZELL BALE,S. GRENFELL,-,-,"6,750","4,082","2,306","1,452","8,537","5,872",195,-,06-Jul,9.4,06-Jul,25.3,06-07-2005,916,6-7-5-3,3645.5
2,17:12,525,TAB - LONG MAY WE PLAY FINAL (3-6 WINS) RSD WIN FN,1,THISTLE SMOKE,A. LANGTON,4,1.7,2,CATCH THE THIEF,M. CLARK,-,1.1,4,ZIPPING SULLIVAN,D. COLEMAN,-,1.6,9,MULLION MAYOR (7),J. ENNIS,-,-,"9,289","3,231","2,142",988,"7,025","7,623",292,-,01-Feb,4.8,01-Feb,13.9,01-02-2004,40.8,1-2-4-9,158.4
3,17:35,725,TOPCAT VIDEO MX 4/5,8,BANGA,R. HENNESS,4.3,2.2,4,BLAZING CARTIER,R. BRITTON,-,2.3,7,WEBLEC HAZE,J. BRITTON,-,-,1,BENALI,T. BRITTON,-,-,"9,980","3,379","1,867","1,282","4,645","4,211",256,-,04-Aug,8.4,08-Apr,15,08-04-2007,42.6,8-4-7-1,146.2
4,17:53,525,MEADOWS CONFERENCE & EVENTS CENTRE MX 4/5,4,SHANLYN DEANO,A. LAUTERBOOM,9.7,2.3,6,AVALANCHE,J. THOMPSON,-,1.04,5,FATHER PHEVOS,G. NEOCLEOUS,-,3.7,2,START A RIOT,K. HELLMUTH,-,-,11.4K,"4,069","2,632","1,243","7,817","5,446",281,24.4K,04-Jun,24.9,04-Jun,43.4,04-06-2005,308,4-6-5-2,1456.8
5,18:12,600,THEMEADOWS.ORG.AU FFA,1,TRUE DETECTIVE,J. BRITTON,2,1.5,8,RAJASTHAN,R. CAMILLERI,-,1.5,7,ELLA ENCHANTED,J. ENNIS,-,-,2,HAVANA MISS,J. SHARP,-,-,"4,775","1,824","1,828",907,"3,706","3,306",380,-,01-Aug,1.8,01-Aug,3.7,01-08-2007,5.2,1-8-7-2,27
6,18:35,600,HOME OF TEN GROUP 1'S GR5,5,SUBMISSION,J. THOMPSON,3.3,1.5,8,HERE'S TEARS,R. BRITTON,-,1.8,4,MIDNIGHT MYSTERY,A. BAHEN,-,6.6,7,BARCIA PRINCE,J. BRITTON,-,-,"8,245","2,754","1,622",841,"5,868","5,070",338,-,05-Aug,14,05-Aug,20.5,05-08-2004,240.8,5-8-4-7,2329.3
7,18:53,525,FEIKUAI GREYHOUNDS FFA,5,YOU TELL ME,K. GREENOUGH,2.9,1.7,3,BLACK OPIUM,J. THOMPSON,-,1.7,7,MAS PLUM JAM,D. BURNETT,-,-,1,IAGO BALE,A. DAILLY,-,-,"9,155","3,868","2,012","1,511","8,226","5,988",249,-,03-May,3.3,05-Mar,8.1,05-03-2007,84.9,5-3-7-1,247.2
8,19:15,525,JOIN THE 525 CLUB NOW GR5,4,ASTON SILK,J. THOMPSON,1.5,1.04,6,PHILADELPHIA PIP,J. SHARP,-,2.2,2,DEWANA CLASSIC,B. DEWAN,-,2.4,3,CHUN LI,J. SHARP,-,-,"6,566","2,974","3,645","1,137","6,775","6,090",390,-,04-Jun,6.3,04-Jun,10.9,04-06-2002,34.4,4-6-2-3,123.1
9,19:42,525,TAB.COM.AU GR5,5,JUNK FOOD JUNKIE,J. SHARP,3.2,1.3,7,FABRIOLA ZAD,A. DAILLY,-,1.8,1,GET GO BOY,A. DEBATTISTA,-,1.6,2,CROUCHER,R. WOOD,-,-,"7,722","3,886","2,441","1,468","7,923","5,177",520,-,05-Jul,9.3,05-Jul,14.7,05-07-2001,77,5-7-1-2,299.1
10,20:02,525,LIKE GRVICTORIA ON FACEBOOK GR5,1,WINLOCK NEWBOLT,M. GIBBONS,6.3,1.7,5,WEBLEC SPICE,M. LANIGAN,-,1.9,4,I'M A KRAKOUER,R. BRITTON,-,2.5,9,ELVISA BALE (7),A. DAILLY,-,-,12.8K,"4,758","2,684","1,311","9,223","5,688",497,-,01-May,6.6,01-May,27.9,01-05-2004,97.6,1-5-4-9,794.2
11,20:22,525,EVERY RACE LIVE ON THE WATCHDOG APP GR5,7,DEWANA SUCCESS,M. DEWAN,6.6,1.2,1,ZIANNA ROSE,R. CRAWFORD,-,2.3,6,ZIPPING MARSHALL,D. COLEMAN,-,1.1,8,DEWANA MILKSHAKE,B. DEWAN,-,-,"8,798","2,796","3,080","1,530","6,610","6,336",-,-,01-Jul,27.3,07-Jan,59.3,07-01-2006,96.7,7-1-6-8,490.8
0,11:04,1200,WILDFIRE BLOOMS HANDICAP F&M 0 - 70 HCP,2,BABE IN BOOTS,WAYNE KERFORD,6.7,2.4,1,ROUGHLY,CASEY HUNTER,-,2.5,3,HUSSON PARK,BARRY HUPPATZ,-,2.4,4,VALENCIANO (NZ),JARROD TODD,-,-,"7,416","2,686","2,514",885,"3,754","2,251",95,391,01-Feb,11.5,02-Jan,21.5,02-01-2003,227.4,2-1-3-4,362.9
1,11:39,1200,YEPERENYE SHOPPING CENTRE WFA PLATE WFA,4,SAVATOXL,LORELLE CROW,3.4,1.5,5,SUPER BRYAN,BARRY HUPPATZ,-,3.6,3,MAUDY,PAUL DENTON,-,-,2,GOLDEN DICE,TERRY TREICHEL,-,-,"5,767","1,484","1,578",667,"1,835","3,174",47,-,04-May,9,04-May,20.4,04-05-2003,62.5,4-5-3-2,136.2
2,12:14,1000,LADBROKES ODDS BOOST HANDICAP 0 - 62 HCP,1,CULZEAN,RAYMOND VIGAR,2.3,2.1,5,WHITWORTH,LORELLE CROW,-,6.7,3,REGAL CAPITAL,PAUL DENTON,-,-,6,KING KAZOU,JARROD TODD,-,-,"7,855","3,592","1,165",521,"2,466","2,186",28,-,01-May,12.2,01-May,14.9,01-05-2003,50.6,1-5-3-6,138.6
3,12:54,1900,MERCURE ALICE SPRINGS RESORT HANDICAP HCP,3,FLYING TORMENTA,TERRY TREICHEL,4.5,1.6,4,MAZZARO,STAN TSAIKOS,-,2,8,WINGARD,LORELLE CROW,-,7.3,7,DOON BUGGY,CASEY HUNTER,-,-,"4,950","2,550","1,495",588,"1,884","2,211",78,"1,740",03-Apr,7,03-Apr,20.5,03-04-2008,368,3-4-8-7,1959.8
4,13:34,1400,HELLOWORLD TRAVEL ALICE SPRINGS HANDICAP BM76 HCP,6,RANSOM MONEY,STAN TSAIKOS,7.3,1.4,7,HENRY LAD,WAYNE DAVIS,-,3.8,3,ALLSPICE,TERRY TREICHEL,-,1.6,4,GAUGUIN (NZ),DAN MORGAN (A2.0),-,-,"5,736","1,751","1,453",372,"2,149","1,648",106,-,06-Jul,56.2,06-Jul,107.7,06-07-2003,413.3,6-7-3-4,1653.5
5,14:14,1400,SEPPELT WINES MAIDEN PLATE MDN-SW,3,RADIO ROOM,STAN TSAIKOS,10.8,3.5,5,TRUCKLOAD OF HOFFA,BARRY HUPPATZ,-,1.4,7,GUARDIAN,LORELLE CROW,-,4.5,6,ULARARA,PAUL DENTON,-,-,10.8K,"5,743","2,978",765,"3,742","2,251",512,-,03-May,12.8,03-May,46.3,03-05-2007,357.9,"3-5-7-6
                                            Partial C/O","3489.40
                                            (307.74)"
6,14:54,1600,IMPARJA TELEVISION NT GUINEAS 3Y - SW,6,SHIFT THE RISK,RAYMOND VIGAR,1.3,1.04,9,CARIBBEAN KISSES,PAUL DENTON,-,3.1,4,LUNCH SESSION,TERRY TREICHEL,-,3.6,2,D'LIVA,STAN TSAIKOS,-,-,12.2K,"5,076","2,031",654,"4,111","6,580",-,-,06-Sep,8.6,06-Sep,16.1,06-09-2004,98.7,6-9-4-2,999.5
0,10:00,1100,BUTCH POWER MAIDEN PLATE MDN-SW,7,SOCIALITE MISS,LAURA LAFFERTY (A2.0),15.7,2.4,4,RAYSIM,JACK HILL,-,1.5,3,LOVANO,DYLAN DUNN,-,2.4,6,TAI SHAN,JARROD FRY,-,-,17.6K,"7,256","5,756","1,995",10.9K,"9,600","2,404",-,04-Jul,39.5,07-Apr,67.8,07-04-2003,408.6,7-4-3-6,1203
1,10:31,1200,STAVELY PARK MERINO STUD 3YO MAIDEN PLATE 3Y MDN-SW,4,HARPUNA,JARROD FRY,4.1,1.9,1,DROP THE MIC,WILL PRICE (A1.5),-,2.1,2,FIGHTING JACK,JACK MARTIN,-,1.2,15,LOVE HURTS (NZ) (EM3),RHONDA MANGAN,-,-,20.9K,"8,143","6,654","3,385",12.7K,"9,783","1,546",12.8K,01-Apr,13.5,04-Jan,18.3,04-01-2002,42.9,4-1-2-15,4399.9
2,11:06,1600,D.A. DALGLEISH MAIDEN PLATE MDN-SW,9,RISING ARCHIE,CAMPBELL RAWILLER (A2.0),2.5,1.4,8,GAUCHO,WILL PRICE (A1.5),-,1.5,10,SET TO FIGHT,JACK HILL,-,2.3,5,RECIDIVIST,BRIDGET GRYLLS,-,-,15.3K,"5,104","3,450","1,643",10.4K,"5,351",957,-,08-Sep,3.5,09-Aug,7.6,09-08-2010,36,9-8-10-5,232.5
3,11:41,1600,W. L. BILL BIGGIN 0 - 58 HANDICAP 0 - 58 HCP,6,FERROCERIUM,JACK HILL,4,1.5,3,PAINT THE STARS,CAMPBELL RAWILLER (A2.0),-,2.6,5,ONEHUNDRED PERCENT,ALANA KELLY (A2.0),-,2.3,7,NOBLE ROCKS,CHRISTINE PULS,-,-,19.8K,"7,417","5,274","2,076",11.9K,"6,686","1,481",-,03-Jun,22.3,06-Mar,38.5,06-03-2005,183.1,6-3-5-7,611
4,12:16,1600,BOB BARR SMITH 0 - 58 HANDICAP 0 - 58 HCP,1,BROMES,JARROD FRY,5.2,1.8,6,GO BALLISTIC,WILL PRICE (A1.5),-,1.2,3,STORMY JACK,MADISON LLOYD (A2.0),-,3.1,7,PRIZE LAD,JACK HILL,-,-,29.2K,12.6K,"6,505","2,024",14.2K,"8,049","1,571",-,01-Jun,9.5,01-Jun,23.4,01-06-2003,180.5,1-6-3-7,1154.1
5,12:56,1300,MILLEAR FAMILY 0 - 58 HANDICAP 0 - 58 HCP,4,KASHIWA,CAMPBELL RAWILLER (A2.0),3.7,1.2,2,TIME FORD,JADEN LLOYD (A2.0),-,2.2,6,QUIET LUCKY,DECLAN BATES,-,2.1,7,ENTANGLED TOFF,BRIAN HIGGINS,-,-,23.5K,"9,899","5,482","1,764",11.2K,"5,830","1,134",39.1K,02-Apr,10.2,04-Feb,19.9,04-02-2006,52.4,4-2-6-7,331.6
6,13:36,1300,BET365 0 - 58 HANDICAP 0 - 58 HCP,9,PEDDLER,MADISON LLOYD (A2.0),6,2.1,2,FRATELLO,WILL PRICE (A1.5),-,1.3,4,DIXIE BUILT,JACK HILL,-,2.7,3,ASTRO CASTRO,KEVIN BOHORUN,-,-,29.1K,14K,"6,004","1,937",12.7K,"5,712","1,427",-,02-Sep,14.8,09-Feb,37.3,09-02-2004,187.4,9-2-4-3,674.5
7,14:16,2000,T.M. MURRAY SLATTERY WILLAURA CUP BM70,5,FLORIDA DREAM,JADEN LLOYD (A2.0),6.8,2.1,2,TOUGH VIC,DECLAN BATES,-,2.5,6,CARPOOL KARAOKE (NZ),WILL PRICE (A1.5),-,1.4,4,MIGHTY OASIS (GB),JACK HILL,-,-,21.7K,"7,148","4,669","2,131",11.4K,"7,070","2,948",-,02-May,27.8,05-Feb,64.8,05-02-2006,185.1,5-2-6-4,1023.6
8,14:59,1100,PROGRAMMED 0 - 58 HANDICAP 0 - 58 HCP,7,MARY'S PRIDE,WILL PRICE (A1.5),4.2,1.9,1,MARROCK,JARROD FRY,-,2.2,12,IN THE SUN,MIKAELA LAWRENCE (A3.0),-,8.2,6,THE RICH FISHER,JOHN KEATING,-,-,15.5K,"7,102","4,675","1,658","9,554","3,777",-,-,01-Jul,6.8,07-Jan,17.1,07-01-2012,292,"7-1-12-6
                                            Partial C/O","5855.50
                                            (239.95)"
0,16:04,400,MR BUGS PEST CONTROL MAIDEN STAKES MDN,6,UTAH EXPRESS,J. MAGRI,3,1.5,1,SIN RAP EXPRESS,S. PARNIS,-,1.1,8,MUMNESIA,K. COLEMAN,-,4.1,3,OFFLINE,P. LAGOGIANE,-,-,"9,133","5,170","2,285",797,"7,171","5,877",43,452,01-Jun,4.6,06-Jan,9.8,06-01-2008,48.5,6-1-8-3,106.1
1,16:24,400,LADBROKES MAIDEN STAKES MDN,3,FUN GUY EBBY,M. EBERAND,4.4,1.7,1,TAKAHI TOBY,J. BERTINATO,-,2.3,2,BOLLY'S GIRL,A. BELL,-,5,8,UTAH MISTY,J. SATTI,-,-,"6,726","2,563","1,382",606,"4,163","2,542",41,-,01-Mar,16.3,03-Jan,25.7,03-01-2002,289.5,3-1-2-8,912.5
2,16:44,400,SOUTHERN ENGINE RECONDITIONING STAKES GR5,5,ANOTHER STORM,M. WRIGHT,3.7,1.3,4,BRISK,K. CHAPPELOW,-,3,9,FLASH MULCHER (7),S. FLEMING,-,1.5,8,SAVANAKA TWO,A. BELL,-,-,"8,572","4,480","2,665","1,025","7,631","5,909",35,-,04-May,22.7,05-Apr,35.2,05-04-2009,222.4,5-4-9-8,1456.9
3,17:04,400,LADBROKES CASH IN STAKES MX 4/5,7,LAST PHOENIX,N. BROWN,2.7,1.2,5,SIENNA KEEPING,R. METSELAAR,-,1.3,3,BILLY BUCCA,A. BELL,-,2.4,2,OLD MICK BANNER,B. GIBBONS,-,-,"6,789","1,883","1,023",391,"2,731","2,235",23,-,05-Jul,6.3,07-May,7,07-05-2003,61.5,7-5-3-2,73.8
4,17:23,400,LADBROKES ODDS BOOST STAKES FFA,5,STRAIGHT SHIFT,P. LAGOGIANE,2.8,1.8,7,MURPHY RUMBLE,M. GATT,-,4.6,8,RUMBLE MASTER,J. MAGRI,-,-,1,HARDAWAY HARADA,R. MARSDEN,-,-,"6,402","1,613","1,561",664,"3,471","2,876",39,787,05-Jul,8.2,05-Jul,16.4,05-07-2008,37.9,5-7-8-1,61.5
5,17:42,472,LADBROKES 1-2 WINS STAKES GR5 FN,6,UTAH GHOST,J. SATTI,3.8,1.1,2,STRIKING,C. CHAPPELOW,-,1.4,8,LAURIE'S LAW,S. MA,-,2.3,4,HIGH PRIESTESS,B. MCCAULEY,-,-,"6,656","2,601","1,086",503,"3,725","2,675",200,-,02-Jun,6.1,06-Feb,12.7,06-02-2008,106.8,6-2-8-4,708.9
6,18:00,472,LADBROKES CASH OUT STAKES MX 4/5,1,HERE COMES JOE,J. ESTEPHAN,1.9,1.04,9,JACK HIGH (3),R. MARSDEN,-,8.4,4,RITZA COEN,M. GATT,-,1.8,2,KNIGHTHOOD,P. LAGOGIANE,-,-,"7,899","3,866","2,382","1,010","7,498","6,143",30,-,01-Sep,28.5,01-Sep,33.3,01-09-2004,213.2,1-9-4-2,746.2
7,18:23,472,LADBROKES BACK YOURSELF STAKES FFA,3,EBBY INFRARED,M. EBERAND,3.4,1.6,5,GOOD ODDS HARADA,J. MAGRI,-,1.5,8,KING CRATOS,J. MAGRI,-,-,4,SHANJO PRINCE,M. GATT,-,-,"4,779","1,781","1,613",574,"3,963","5,376",31,-,03-May,3.1,03-May,8.4,03-05-2008,18.7,3-5-8-4,61
8,18:42,400,LADBROKES BULLI BATTLERS STAKES GR5,8,DYNA KARA,S. RHODES,2.7,1.1,7,TOMERONG TERROR,F. GOODWIN,-,1.3,1,PONTIAC ICON,M. AZZOPARDI,-,1.5,9,RUNWAY OSCAR (3),C. BENJAMIN,-,-,"6,408","3,286","1,062",636,"4,303","3,534",103,-,07-Aug,4.2,08-Jul,9.4,08-07-2001,46.1,8-7-1-9,121.7
9,19:00,472,LADBROKES PROTEST PAYOUT STAKES GR5,6,UNISON,M. SULTANA,1.7,1.04,1,SIN RAP BOOM,S. PARNIS,-,2.1,8,TOPPER PHOENIX,F. HARRIS,-,3.7,3,TOPPER MCGARRETT,F. HARRIS,-,-,"6,596","2,105","1,679",636,"5,359","4,480",-,-,01-Jun,3.2,06-Jan,6,06-01-2008,27.6,6-1-8-3,93.5
0,10:03,900,COOINDA NURSING HOME MAIDEN PLATE MDN-SW,5,OUTBACK SNOW,WENDY PEEL (A),108.1,12.8,13,INFERNO MISS,GREG RYAN,-,1.3,11,STICKS 'N' STONES,ANGELA COOPER (A3.0),-,1.8,1,BOBBIE'S BOY,KEN DUNBAR,-,-,"5,139","2,075","1,410",301,"2,400","1,363",303,804,May-13,53.8,"5-13
                                            Partial C/O","481.90
                                            (122.77)",5-13-11,1687.5,"5-13-11-1
                                            Partial C/O","2110.60
                                            (928.69)"
1,10:38,900,COOINDA HOSTEL MAIDEN PLATE MDN-SW,14,SOGNARE,WENDY PEEL (A),2.6,1.8,10,SKYE LOVER,JAMES ROGERS,-,7.6,9,POETIC HARMONY,ANDREW BANKS,-,1.5,2,OPERA DUDE,KATH BELL-PITOMAC (A1.5),-,-,11.7K,"5,730","2,790","2,033","4,629","7,001",287,-,Oct-14,60.5,14-Oct,122.1,14-10-2009,388,14-10-9-2,2213.6
2,11:15,1600,COOINDA LODGE CLASS 1 & MAIDEN PLATE CL1-SW,1,CARNEGIE'S MONACO,KEN DUNBAR,4.8,1.6,7,STAR OF MOSHE,KATE COWAN (A1.5),-,4.8,6,SNIPSELVA,KATH BELL-PITOMAC (A1.5),-,2.2,2,JUST ON SPEC,BILLY CRAY,-,-,"7,986","2,741","1,789",672,"3,623","1,904",248,-,01-Jul,44.4,01-Jul,69,01-07-2006,443.2,"1-7-6-2
                                            Partial C/O","2951.60
                                            (113.17)"
3,11:51,1400,COOINDA RETIREMENT VILLAGE MAIDEN HANDICAP MDN HCP,6,JONESY,JAMES ROGERS,15.4,3.5,5,FANTASMA,GREG RYAN,-,2.2,9,DUSKTILLDAWN,BILLY CRAY,-,4,7,BLACK FERN,KEN DUNBAR,-,-,10.2K,"3,845","2,009",614,"3,954","3,473",693,-,05-Jun,29,06-May,91.6,06-05-2009,797.5,"6-5-9-7
                                            Partial C/O","5383.20
                                            (2011.29)"
4,12:27,1400,COOINDA HOME CARE BENCHMARK 50 HANDICAP BM50 HCP,1,ZAMALI,KATH BELL-PITOMAC (A1.5),3.3,1.4,2,GORN HOFF,GREG RYAN,-,1.8,7,AYETEEM,KATE COWAN (A1.5),-,2.6,14,MOMENT OF HOPE,ELEANOR WEBSTER-HAWES,-,-,10.6K,"5,289","2,658",894,"5,680",11.6K,197,"2,292",01-Feb,9.5,01-Feb,10.8,01-02-2007,57.4,1-2-7-14,271.3
5,13:07,1200,COONABARABRAN CUP DAY 25TH OCTOBER 2020 BENCHMARK 50 HCP BM50 HCP,6,BEE DOUBLE BEE,GREG RYAN,4.8,1.9,3,MUSIC MISS,KATE COWAN (A1.5),-,2.6,10,RAWSON CROSSING,JAMES ROGERS,-,4.6,7,POLICY,ANDREW BANKS,-,-,19.9K,"9,601","3,242",939,"5,477","2,403",353,-,03-Jun,17.7,06-Mar,34.4,06-03-2010,364.9,6-3-10-7,1582.9
6,13:47,1200,COOINDA COONABARABRAN BENCHMARK 50 HANDICAP BM50 HCP,5,CREIDNE,BILLY CRAY,17.3,3.3,11,TICKET TO EL AYE,ANGELA COOPER (A3.0),-,4.8,4,ANGIE EMM,GREG RYAN,-,1.04,3,BRAY (NZ),WENDY PEEL (A),-,-,19.2K,"8,973","4,313","2,264",11K,"6,572",383,-,05-Nov,196.7,05-Nov,649.8,05-11-2004,1350.6,"5-11-4-3
                                            Partial C/O","10177.80
                                            (4759.10)"
7,14:27,900,MERRYULA WING BENCHMARK 50 HANDICAP BM50 HCP,8,BENSAY,ASHLEIGH STANLEY (A2.0),10,3.8,2,INVINCIBLE THUNDER,KATE COWAN (A1.5),-,2.6,15,DYNAMITE DAN (EM1),JAMES ROGERS,-,3.6,12,MATTER OF FACTOR,CHELSEA INGS,-,-,12.4K,"5,281","3,435","1,281","5,773",16.7K,-,-,02-Aug,47.3,08-Feb,40,08-02-2015,680.6,8-2-15-12,4674.5
0,10:19,1400,TOM THUMBS LAGOON 2YO MAIDEN HANDICAP 2Y MDN HCP,3,MACLEAY,ADRIAN LAYT,5.5,2,1,BLACK BOLT (NZ),CHAD LEVER,-,2.1,6,DIORISSIMA,TRAVIS WOLFGRAM,-,12.2,5,COL'S LAW,BROCK RYAN (A1.5),-,-,18.8K,"6,481","4,432","1,735","9,444","6,410",816,"5,758",01-Mar,11.9,03-Jan,22.4,03-01-2006,535.5,3-1-6-5,4385.3
1,10:54,1300,PERKINS BEACH MAIDEN HANDICAP MDN HCP,1,KATERU,BLAIKE MCDOUGALL,2.8,1.5,2,DIVINE ELEVEN,CHAD LEVER,-,2.2,9,HEIMBERG,BRODIE LOY,-,3.7,8,AIR TO AIR,JESS TAYLOR,-,-,19.7K,"8,235","6,686","3,832",11.2K,"8,659",695,-,01-Feb,7.8,01-Feb,19.5,01-02-2009,176.5,1-2-9-8,619.3
2,11:29,1500,WILLIAM BEACH MAIDEN PLATE MDN-SW,4,HIGH ACADEMY,CHAD LEVER,7,1.9,1,DESIGN AHEAD,SCOTT POLLARD,-,3.5,3,DAME MARGOT,TRAVIS WOLFGRAM,-,2,9,TODWICK,BRANDON GRIFFITHS (A2.0),-,-,18K,"8,002","4,408","1,542","8,364","5,634",611,-,01-Apr,26.7,04-Jan,38.9,04-01-2003,243.5,4-1-3-9,1224.6
3,12:04,1500,LAKE CATARACT CLASS 1 HANDICAP CL1 HCP,11,TAMPERING,ADRIAN LAYT,11.9,2.7,13,SILENT AGENDA,CHAD LEVER,-,10.4,1,JUST SOCIETY (NZ),SHAUN GUYMER,-,1.5,14,ILVERMORNY,BLAIKE MCDOUGALL,-,-,21.9K,"8,590","5,720","2,650",12.3K,"7,778",761,"8,168",Nov-13,472.2,Nov-13,1353.7,11-13-1,5506.2,"11-13-1-14
                                            Partial C/O","12055.10
                                            (4829.05)"
4,12:44,1400,LAKE CORDEAUX CONDITIONAL BENCHMARK 70 HANDICAP BM70 HCP,4,BUDDEROO KNIGHT,BROCK RYAN (A1.5),9.4,3.3,7,MICKS NEW CHICK,WINONA COSTIN,-,2.3,10,MERCURY,BRANDON GRIFFITHS (A2.0),-,3.2,8,TERRA REIGN,BLAIKE MCDOUGALL,-,-,24.5K,11.3K,"6,613","2,172",11.4K,34.9K,579,-,04-Jul,41.2,04-Jul,98.1,04-07-2010,974.1,4-7-10-8,7619.9
5,13:24,1200,LAKE AVON F&M BENCHMARK 64 HANDICAP F&M BM64 HCP,2,SPEED AND STYLE,MADISON WATERS (A4.0),19.8,3.9,7,CHANTING,BLAIKE MCDOUGALL,-,2.3,9,MIDSUMMER RAIN,JESS TAYLOR,-,2.3,5,LETTRE D'AMOUR,WINONA COSTIN,-,-,12.4K,"5,537","3,781","1,245","5,543","2,902",879,-,02-Jul,49.8,02-Jul,132.8,02-07-2009,942.3,"2-7-9-5
                                            Partial C/O","4497.90
                                            (2104.39)"
6,14:04,1200,LAKE ILLAWARRA CG&E BENCHMARK 64 HANDICAP CG&E BM64 HCP,2,REFORMIST,BROCK RYAN (A1.5),7.4,2.1,5,PIONEER,CHAD LEVER,-,1.4,7,GOLWEN,BLAIKE MCDOUGALL,-,2.2,3,LANCASTER BOMBER,BRANDON GRIFFITHS (A2.0),-,-,43.8K,20.9K,"7,448","3,049",14.4K,19.8K,-,-,02-May,10,02-May,31.8,02-05-2007,181.7,2-5-7-3,1630.7
0,11:21,1000,WESTLAWN FINANCE MAIDEN PLATE MDN-SW,5,SINEPARI,JON GRISEDALE,8.4,1.04,6,ASTROPHYSICS,BELINDA HODDER,-,2.6,1,TUMUT RIVER (NZ),MATTHEW MCGUREN,-,1.3,9,DRAGON PURSUIT,CEJAY GRAHAM (A),-,-,"9,325","3,087","3,878","1,020","4,703","3,219",154,691,05-Jun,20.2,05-Jun,43.4,05-06-2001,90.7,5-6-1-9,497.6
1,11:56,1200,METROLL LISMORE MAIDEN PLATE MDN-SW,9,TILLY'S STAR,MATTHEW MCGUREN,3,1.7,6,DAWN THUNDER,QIN YONG (A1.5),-,1.4,4,CHERAX DESTRUCTOR,LUKE ROLLS,-,3.6,5,CRISTAL CAZ,KASIE STANLEY,-,-,"9,018","2,896","1,725",863,"4,406","3,597",185,-,06-Sep,3.2,09-Jun,7.6,09-06-2004,58.2,9-6-4-5,213.7
2,12:36,1400,MID-RICHMOND PLUMBERS & SUPPLIERS BENCHMARK 50 HANDICAP BM50 HCP,1,DARK IMAGE,EMILY ATKINSON (A2.0),7.5,3,3,ESKIMO COMMANDER,JODI WORLEY,-,3.1,8,OUR BOY BEN,NORIYUKI MASUDA (A),-,3.4,6,CHATEAUROUX,QIN YONG (A1.5),-,-,16.8K,"7,568","4,543","1,462","7,574","4,182",129,"1,990",01-Mar,25.3,01-Mar,45.8,01-03-2008,290.9,1-3-8-6,4293.5
3,13:16,1400,AUSTBROKERS NCFS MAIDEN HANDICAP MDN HCP,10,ROGUE,KASIE STANLEY,6.9,1.7,6,KORRIN,BELINDA HODDER,-,1.8,12,SOLITARY MARCH,JODI WORLEY,-,15.1,8,MINNI MINNAH,BROOKE STOWER,-,-,19.7K,"8,420","6,433","2,022",10.9K,"5,822",362,-,06-Oct,14.8,10-Jun,22.7,10-06-2012,1494.5,"10-6-12-8
                                            Partial C/O","8644.60
                                            (1288.55)"
4,13:56,1200,SOUTHSIDE HOT BREAD BENCHMARK 58 HANDICAP BM58 HCP,3,DEXTER DUTTON,EMILY ATKINSON (A2.0),5.6,2,4,LAOBAN TAI TAI,BROOKE STOWER,-,1.8,7,MONTEVIDEO,LUKE ROLLS,-,2.2,5,LUCAP (NZ),MATTHEW MCGUREN,-,-,15.9K,"6,713","4,175","2,132","8,791",12.3K,444,-,03-Apr,25.4,03-Apr,28.5,03-04-2007,268.3,3-4-7-5,1154.5
5,14:36,1516,FINANCIAL GUIDANCE GROUP CLASS 1 HANDICAP CL1 HCP,1,RISALDAR,MATTHEW MCGUREN,5.7,2.1,2,DAUNTING WARRIOR,CEJAY GRAHAM (A),-,2.1,11,NORMA'S JOY,BELINDA HODDER,-,5.8,3,VOLFONI,LEAH KILNER (A),-,-,14.6K,"6,149","3,402","1,385","6,996","2,274",-,-,01-Feb,35.5,01-Feb,31.5,01-02-2011,897,"1-2-11-3
                                            Partial C/O","3525.00
                                            (833.45)"
0,15:26,1609,SKY RACING ACTIVE PACE NR UP TO 55 PACE,5,DENNINGTON HEIGHTS,GUY CHAPPLE,9.8,2.9,1,FINAL RIVER,GLENN BULL,-,4.2,2,CHRISTIAN BROTHER (NZ),JACK CALLAGHAN,-,3.9,4,MIZZZ ADELE,MATTHEW HARDING,-,-,"6,223","2,025","1,645",718,"4,101","2,140",86,593,01-May,61.4,05-Jan,151.8,05-01-2002,571.5,"5-1-2-4
                                            Partial C/O","3318.10
                                            (1425.34)"
1,15:56,1609,TOOHEYS PACE NR UP TO 63 PACE,6,LIGHTNING BOB,JAKE HUGHES,4.9,1.8,2,LILYMADIMAC,JACK CALLAGHAN,-,1.4,1,ELSIE GEM,DAN MORGAN,-,3,10,ITS ALLABOUT ALICE,BRAD ELDER,-,-,"5,307","2,073","1,329",936,"4,445",11.9K,170,-,02-Jun,4.5,06-Feb,31.3,06-02-2001,351.5,6-2-1-10,1578.2
2,16:31,1609,TAB ODDS & EVENS PACE NR UP TO 63 PACE,9,ITZ GEORGIAONMYMIND (NZ),JACK CALLAGHAN,2.9,1.8,8,NEVER KNOW CHARLIE,DAN MORGAN,-,4.7,4,CORBAUX (NZ),JEMMA CONEY,-,1.7,10,HAZELNUTS,JAKE HUGHES,-,-,"3,505","2,322",688,314,"2,118","1,323",42,-,08-Sep,27.2,09-Aug,32.2,09-08-2004,84.6,9-8-4-10,596.4
3,17:03,2030,WOLF BLASS PACE NR UP TO 70 PACE,2,REGAL ROCK (NZ),GLENN BULL,9.3,3.1,4,ROLL WITH LACHLAN,MATTHEW HARDING,-,1.6,1,PUMPNIRON,JAKE HUGHES,-,2.5,7,YOURBLUEYESCRYING,MICHAEL FORMOSA,-,-,"2,655","1,039",933,375,"1,523","1,117",36,-,02-Apr,5.5,02-Apr,36.6,02-04-2001,213.2,2-4-1-7,938.2
4,17:41,2030,COCA COLA PACE NR UP TO 120 PACE,4,LACEYS LAD (NZ),JACK CALLAGHAN,2,1.3,10,KID MONTANA,BRAD ELDER,-,1.04,5,WET MY WHISTLE (NZ),JOSHUA OSBORN,-,4,7,TYGAR,JOE TAAFFE,-,-,"5,183","2,371","1,627",425,"3,466","3,025",65,"1,318",04-Oct,2.3,04-Oct,5.6,04-10-2005,42.2,4-10-5-7,240.6
5,18:12,1609,GARRARDS HORSE & HOUND PACE NR UP TO 55 PACE,9,DANCING IN AMERICA,GUY CHAPPLE,5.9,2,7,POPSTAROMAR,MARK CALLAGHAN,-,1.04,3,MY BLUE HEELER,GLENN BULL,-,5.3,1,HENWOOD,DAN MORGAN,-,-,"2,296","1,179",436,246,"1,131",432,37,-,07-Sep,17.8,09-Jul,29,09-07-2003,351.3,"9-7-3-1
                                            Partial C/O","670.20
                                            (241.37)"
6,18:40,1609,NEWCASTLE TRANSPORT SPECIALISTS PACE NR UP TO 47 PACE,3,ONLY WHEN I PLAY,TOM ISON,3.3,1.7,4,ARNA,BRAD ELDER,-,1.3,7,JODIS CHOICE,JAKE HUGHES,-,5.2,6,LOVELAINE,DAN MORGAN,-,-,"1,754",699,325,101,"1,373","1,684",109,-,03-Apr,5.7,03-Apr,12.7,03-04-2007,160.7,3-4-7-6,583
7,19:12,2030,TROTS TV PACE NO NR PACE,2,TOPSKY,TOM ISON,3.7,1.6,1,ROSARITO ROCK,JACK CALLAGHAN,-,3.8,6,OUR REACTOR,MADDIE BOND,-,9.1,4,HARMS LOWANA,JASON HARMEY,-,-,"4,695","1,877","1,009",469,"2,774","1,576",-,-,01-Feb,10,02-Jan,13.9,02-01-2006,319.3,2-1-6-4,1413.9
0,07:00,796,REMINGTON PARK - DIRT CLAIMING,5,MY BUCKET IS FULL (USA),BRETT BIRZER,3.4,1.5,1,RAGIN (USA),BENITO BACA,-,1.7,3,FLIGHT TO LA JOLLA (USA),JOSH ROMERO,-,1.9,918,447,260,151,"1,918",41,-,-,01-May,4.7,05-Jan,12.5,05-01-2003,36.7,05-Feb,15.7,,,,,
1,07:27,274,REMINGTON PARK - DIRT MDN CLAIMING,2,LIVE COUNTRY MUSIC (USA),JAMES FLORES,2.2,1.3,1,CORONA CHROME (USA),CODY SMITH,-,1.04,8,MS FLEA FLICKER (USA),JOSH ROMERO,-,1.9,"1,181",511,361,314,"2,613",15,-,-,01-Feb,2.5,02-Jan,6.5,02-01-2008,23.7,05-Feb,15.7,,,,,
2,07:54,274,REMINGTON PARK - DIRT MDN,2,LOTA COWBOY TRY (USA),JUAN PULIDO,5.1,1.5,10,MH FAMOUS MOONSHINE (USA),JIMMY BROOKS,-,1.3,3,ONE FAMOUS GRIP (USA),JAMES FLORES,-,2.8,"1,142",567,555,230,"2,406",24,145,-,02-Oct,7.3,02-Oct,9.1,02-10-2003,82.3,02-Feb,6,,,,,
3,08:21,402,REMINGTON PARK - DIRT MDN CLAIMING,4,ENSEPERABESIX (USA),JUAN PULIDO,7.2,2.1,5,THE CORONA COWBOY (USA),BERKLEY PACKER,-,1.5,1,JOE BANGLES (USA),MARIO DELGADO,-,4.5,"2,235","1,066",492,523,"2,843",49,-,-,04-May,12.1,04-May,43.1,04-05-2001,278.8,"2-4
                                            Partial C/O","38.40
                                            (12.80)",,,,,
4,08:54,366,REMINGTON PARK - DIRT ALLOWANCE,8,DF LORD GARVAN (USA),MARIO DELGADO,5.1,2,1,HAGGARD (USA),JAMES FLORES,-,2.4,7,COMBINED (USA),RICKY RAMIREZ,-,2.6,"2,230","1,537",465,548,"3,256",196,-,-,01-Aug,13.7,08-Jan,24.9,08-01-2007,244.4,"4-8
                                            Partial C/O","78.40
                                            (7.06)",,,,,
5,09:20,320,REMINGTON PARK - DIRT CLAIMING,3,CHARM THE CHIEF (USA),RAUL VALENZUELA,10.2,2.1,8,MIGHTY BOAZ (USA),BENITO BACA,-,2.7,5,FOCUS ON ME 123 (USA),RICKY RAMIREZ,-,1.6,"2,782","1,045",581,501,"3,333",-,-,-,03-Aug,28.5,03-Aug,55.9,03-08-2005,175.2,08-Mar,56.7,,,,,
0,09:48,1000,XXXX DRY MAIDEN PLATE 2UP MDN-SW,10,BETTER BE GREAT,SHANE MCGOVERN,5.8,2.1,14,WHISKEY APPLE (EM2),GEMMA STEELE,-,3.3,3,CALCULATED RISK,CHRIS BRYEN,-,1.7,11,SIRATRO,HANNAH PHILLIPS,-,-,12.5K,"5,393","3,947","1,269","9,212","4,755",290,919,Oct-14,48.1,Oct-14,84.5,10-14-3,295.6,10-14-3-11,1755.3
1,10:23,1640,IRON JACK BENCHMARK 55 HANDICAP BM55 HCP,5,TAKE A SHINE,JASON MISSEN,7.1,3.1,6,ACHILLES PRIDE,SHANE MCGOVERN,-,3.5,3,VISERION,TESSA TOWNSEND (A2.0),-,-,4,HEEBEE RIGHT MATE,LEEANNE MCCOY,-,-,10.5K,"3,622","1,881",898,"3,035","2,522",823,-,05-Jun,12.1,05-Jun,52.7,05-06-2003,105.7,5-6-3-4,375
2,10:58,900,EXPLORERS INN QTIS BENCHMARK 55 HANDICAP BM55 HCP,5,BOOM OR BUST,SHANE MCGOVERN,3.3,1.9,2,FOXY BELLA,ROBERT FAEHR,-,2.6,7,MR NODDY,HANNAH RICHARDSON,-,-,4,BETTY IS READY,SHANNYN STEPHAN (A3.0),-,-,12K,"3,122","2,891","1,339","5,246","4,168",80,723,02-May,13.4,05-Feb,17.7,05-02-2007,182.1,5-2-7-4,664.6
3,11:33,1000,ROYAL ON 99 OPEN HANDICAP OPEN HCP,2,SPLITZ,HANNAH PHILLIPS,2.1,1.5,5,GENDEBIEN,ROBERT FAEHR,-,1.6,6,RED DEVIL,LEEANNE MCCOY,-,2.5,7,SMOOTH HUSTLER,JASON MISSEN,-,-,15.3K,"6,456","4,044","1,594","9,530","6,325",719,-,02-May,10,02-May,11.9,02-05-2006,44.2,2-5-6-7,228.5
4,12:08,1200,XXXX GOLD BENCHMARK 50 HANDICAP BM50 HCP,4,AUTHADANE,ROBERT FAEHR,9.3,2.8,2,BOLD ADMIRAL,TESSA TOWNSEND (A2.0),-,2.2,9,SONA DANCER,GEMMA STEELE,-,1.6,5,BELLA'S BROTHER,JASON MISSEN,-,-,18.1K,"5,307","3,995","1,361","8,003","5,553",867,-,02-Apr,19.9,04-Feb,53,04-02-2009,212.7,4-2-9-5,1219.7
5,12:48,1200,SNAP FITNESS ROMA CLASS 4 PLATE CL4-SW,6,BRIDYN MAY,ROBERT FAEHR,3,1.2,4,BESTERS,CHRIS BRYEN,-,1.3,3,ENTERPRISE GRAND,HANNAH PHILLIPS,-,2.8,9,PIRELLI,JASON MISSEN,-,-,16.1K,"5,245","4,785","1,653","9,539","6,637",-,-,04-Jun,14.8,06-Apr,23.2,06-04-2003,99.1,6-4-3-9,1034.6
0,15:19,450,FINER FRUITS (200+RANK) MDN,8,HARLEQUIN ROSE,G. SELKRIG,1.4,1.04,6,SPUN OUT,B. MAGRI,-,8.6,4,TARRA ROCKET,A. CRAVEN,-,-,7,MAD GOOSEY,P. FROST,-,-,10.9K,"2,506","1,807","1,032","5,219","4,956",136,760,06-Aug,16.1,08-Jun,22.1,08-06-2004,39.1,8-6-4-7,104.8
1,15:38,385,ELITE COLLARS & LEADS (200+RANK) MDN,5,BUSHMAN'S BUDDY,D. PELL,4.5,2.6,2,TYLDEN,S. STEFANOS,-,1.8,4,ARMANI ARBY,S. DALTON,-,2.6,3,KING OF DADS,N. LAVELLE,-,-,"7,516","2,717","1,886",927,"4,285","3,755",210,-,02-May,19.2,05-Feb,27.1,05-02-2004,178,5-2-4-3,969.9
2,16:00,385,TAB.COM.AU (200+RANK) GR7,3,FOREMAN,D. FISHER,8.3,3,5,ASTON GENESIS,M. MALLIA,-,1.1,10,CATCH KATE (1),D. KNIGHT,-,2.3,8,SLINGSHOT ANGEL,R. CAMILLERI,-,-,"3,834","1,992",988,449,"2,824","1,579",153,-,03-May,15.6,03-May,28.5,03-05-2010,188.4,3-5-10-8,431.6
3,16:18,385,WWW.VICTOOLSHOP.COM (200+RANK) GR6,3,MR. BOB,L. MORSHEAD,4.2,1.6,6,CHOIR MAGIC,G. GLASS,-,2,5,CHARLIE CHECKER,R. HENNESS,-,2.1,7,STARCHIE,B. MERTON,-,-,"3,971","1,909","1,757",545,"3,602","2,290",168,-,03-Jun,12.1,03-Jun,21,03-06-2005,84.4,3-6-5-7,531.9
4,16:47,450,NETFIND PTY LTD (200+RANK) MX 6/7,7,POTENT,G. SELKRIG,2.2,1.6,5,TIGERFISH FOZZ,B. FOTHERGILL,-,8.9,1,SUPERSTITIOUS,M. MALLIA,-,1.6,3,MAXIMUM REFUSAL,R. CAMILLERI,-,-,"4,388","1,609",699,282,"2,092","1,092",87,"3,500",05-Jul,101.5,07-May,67.5,07-05-2001,464.6,"7-5-1-3
                                            Partial C/O","1692.70
                                            (691.23)"
5,17:09,450,TAB MULTIPLIER (200+RANK) GR5,5,WITH CONFIDENCE,R. CAMILLERI,1.9,1.3,2,GAMBOA,J. EGAN,-,1.1,7,BRING THE SPRING,J. HETHERTON,-,-,8,KRAKEN BO,B. HALL,-,-,"5,159","2,201","1,011",661,"3,152","7,451",140,-,02-May,2.9,05-Feb,5.6,05-02-2007,24.5,5-2-7-8,68.2
6,17:32,450,CKH PAINTING (200+RANK) GR5,3,SCRAPING PAINT,G. SELKRIG,1.8,1.4,5,ROTARUA,M. KUSZNIR,-,4.2,2,PRINCE MARK,G. GLEDHILL,-,3,7,GIGI'S FIRE,J. WORSFOLD,-,-,"6,619","3,363","1,506",839,"4,888","3,255",121,-,03-May,16,03-May,13.2,03-05-2002,131,3-5-2-7,357.1
7,17:56,450,SHEPPARTON NEWS (200+RANK) MX 4/5,3,ASTON AJAX,P. ABELA,16.8,5,7,IMMINENT,C. JAMES,-,1.04,6,CORNHILL TIGER,S. GIBSON,-,-,8,SO SAY,G. GLASS,-,-,"3,149","1,533",768,522,"2,012","1,778",77,-,03-Jul,11.2,03-Jul,68.2,03-07-2006,212.2,3-7-6-8,1194.5
8,18:17,385,GV'S HIT 96.9 (200+RANK) MX 4/5,4,WRANGLE,L. MOORE,6.5,3,3,INTER MIMI,J. FORMOSA,-,3.2,2,MAJOR WINSTON,D. JENSEN,-,-,7,WALK ON BYE,J. EGAN,-,-,"3,487",918,993,341,"1,955","1,153",210,-,03-Apr,20.5,04-Mar,56.2,04-03-2002,320.4,"4-3-2-7
                                            Partial C/O","1788.50
                                            (144.09)"
9,18:38,385,BYERS ELECTRICAL (200+RANK) GR5,8,MADAME POOKIE,C. WEBB,1.7,1.8,2,LEKTRA SWING,B. KINDER,-,2.6,6,ZERO TO HERO,J. TORR,-,-,1,QUE UP,A. POWELL,-,-,"3,679","1,625","1,019",413,"1,963","2,143",95,-,02-Aug,11.7,08-Feb,22.5,08-02-2006,104.6,8-2-6-1,319.7
10,18:56,385,BRIAN BEARD PLUMBING (200+RANK) GR5,7,RIGHT ABOVE IT,K. BURGER-TRUDGETT,4.8,2.5,6,WHAT'S HIS CAPER,J. STEMMER,-,1.3,1,NIMBLE NALA,J. WARD,-,-,4,LEKTRA BEAR,B. KINDER,-,-,"2,801","1,534",844,337,"2,001",992,153,-,06-Jul,7.6,07-Jun,15.5,07-06-2001,74.3,7-6-1-4,258.5
11,19:19,385,TOP CAT VIDEO (200+RANK) GR5,8,HOT CRUISER,N. LAVELLE,5.4,2.2,7,KEHESTTO,G. GLEDHILL,-,4.7,6,BROLGA LASS,R. LYONS,-,-,2,MADAME DUGGIE,B. MERTON,-,-,"3,876","1,301",938,569,"2,316","1,966",-,-,07-Aug,14.2,08-Jul,26.9,08-07-2006,92.5,8-7-6-2,745.2
0,15:12,515,WELCOME TO NEWCASTLE GREYS STKS GR5,3,BARBARESCO,D. THOMAS,1.6,1.04,1,FLYING ASPARAGUS,R. WRIGHT,-,2.4,8,CHICKIANO,B. SMOOTHY,-,2.2,7,PRECOAT,A. IVERS,-,-,"6,299","2,151","1,399",917,"5,302","4,632",37,507,01-Mar,9.9,03-Jan,9.2,03-01-2008,48.7,3-1-8-7,191.1
1,15:27,515,FROM THE TRACK STAKES GR5,8,MANTON BLAZE,D. SANDERSON,28.7,5.2,6,THAT'S LIL COCO,T. BUTLER,-,6.8,3,IBROX CALYPSO,W. DANCE,-,3,4,POPS AND BUBBLES,S. HILL,-,-,"5,288","2,856","1,326","1,277","6,711","5,392",64,-,06-Aug,358.7,08-Jun,340.6,08-06-2003,1722.2,"8-6-3-4
                                            Partial C/O","8358.60
                                            (3145.46)"
2,15:49,515,BISHOP COLLINS MAIDEN MDN,1,HELLO FERNANDO,L. ATCHISON,4.7,1.9,2,SPEED MACHINE,B. MAY,-,2,4,SAKEYNA,A. FOLEY,-,1.5,7,FLAK,T. HALLEY,-,-,"9,154","3,868","1,787",763,"6,463",24.9K,147,-,01-Feb,4.7,01-Feb,21.4,01-02-2004,58.9,1-2-4-7,366.9
3,16:08,272,NEWCASTLE COMM. REFRIGERATION MDN MDN,5,JOHANSSON,P. AKERS,11.1,4.4,6,LUKE'S LAD,G. SATTLER,-,2.3,10,ARQUETTE (8),P. AKERS,-,3,1,PIPER ARCHER,P. AKERS,-,-,"3,859","1,230",752,415,"2,443","1,746",36,-,05-Jun,45,05-Jun,93.5,05-06-2010,365.7,5-6-10-1,1713
4,16:28,400,AWESOME PROJECT MAIDEN MDN,4,KEG,J. PORTER,5.7,2.4,1,MISS GABRIELLE,L. ATCHISON,-,1.9,6,ANOTHER VUITTON,P. RODERICK,-,1.5,8,STELLAR STONE,P. MATTRESS,-,-,"2,329",964,521,196,"1,336",670,89,520,01-Apr,13.3,04-Jan,16.3,04-01-2006,149.7,"4-1-6-8
                                            Partial C/O","1038.60
                                            (151.05)"
5,16:54,515,NO DONUTS MASTERS M2/M3,2,SEB ZARR MOONIE,W. DANCE,4.6,1.04,7,SKETCHY HALO,A. IVERS,-,3.2,8,RILEY TOKAAM,P. JOHNSTON,-,1.2,1,RACHEL'S DREAM,N. HOLLOWAY,-,-,"3,548","1,228","1,054",383,"2,210","3,023",22,-,02-Jul,20.3,02-Jul,54.8,02-07-2008,150.2,2-7-8-1,440.3
6,17:15,400,WWW.DA-ICE.COM.AU STAKES GR5,3,ZIPPING PEPPER,J. MACKAY,3.7,1.04,7,ZIPPING LIZ,J. MACKAY,-,1.5,4,HALCYON PRINCESS,R. PATTERSON,-,3.4,10,ABBONDANZA DIXIE (6),R. NEVILLE,-,-,"1,647","1,056",619,210,"1,880","1,263",10,-,03-Jul,3.3,03-Jul,7.1,03-07-2004,25.3,3-7-4-10,244.3
7,17:38,400,LADBROKES STAKES GR5,2,DAPHNE DIXIE,R. NEVILLE,3,1.1,3,ONE STRANGE DUDE,D. THOMAS,1,1.6,1,TIME VIOLATION,J. EDWARDS,-,1.7,6,HARP ON,C. WINDLE,-,-,"3,749","1,299","1,001",195,"2,440","1,786",20,-,02-Mar,7,"2-3
                                            3-2","9.60
                                            4.60","2-3-1
                                            3-2-1","45.70
                                            24.40","2-3-1-6
                                            3-2-1-6","332.90
                                            229.60"
8,18:03,272,KEYBOW @ STUD STAKES GR5,3,RUTHLESS ROBYN,G. KEDWELL,9.1,1.5,5,LIL BIT LOOPY,J. PORTER,-,2.1,8,AGNETHA,T. DONALDSON,-,1.04,4,STEVE SWORDFISH,A. IVERS,-,-,"2,079",909,323,199,922,536,32,-,"3-5
                                            3-8","11.00
                                            5.80","3-5
                                            3-8","20.50
                                            18.20","3-5-8
                                            3-8-5","45.50
                                            44.80","3-5-8-4
                                            3-8-5-4
                                            Partial C/O","416.10
                                            340.20
                                            (64.73)"
9,18:26,400,GRNSW PATHWAYS STAKES GR5,6,FOXY ALL OVER,G. DUNPHY,3.2,1.1,1,FELICIA BALE,L. HUTTON,-,3.6,5,LATENT ENERGY,G. DUNPHY,-,7.6,4,SAINT STORM,V. CASSAR,-,-,"2,854","1,185",526,190,"1,585","1,588",-,-,01-Jun,10.8,06-Jan,42,06-01-2005,770.4,"6-1-5-4
                                            Partial C/O","2462.70
                                            (908.89)"
0,13:28,1050,HAPPY 21ST ASHTYN REEDY BENCHMARK 55 HANDICAP BM55 HCP,7,SWAN ISLAND,NICK KEAL (A),8.7,2.7,3,SPINNING SPIRIT,ALEX PATIS (A2.0),-,2.2,9,HIDDEN ACTION,JOSH OLIVER,-,6.5,2,MISS AMANDA,MINEHIKO SHIMODAIRA (A2.0),-,-,22.9K,"9,622","5,626","1,937",11.3K,"4,362",330,-,03-Jul,17.2,07-Mar,48.7,07-03-2009,815.4,7-3-9-2,2343
1,14:08,1050,AUDI CENTRE TOOWOOMBA BENCHMARK 55 HANDICAP BM55 HCP,3,MOTOMISS,ANDREW MALLYON,1.6,1.3,10,BEACH CLUB,JASON TAYLOR,-,3.5,8,ZANAZOU,MATTHEW PALMER,-,5.9,9,GLENBAWNS DUTCHESS,MINEHIKO SHIMODAIRA (A2.0),-,-,"9,811","4,312","3,672","1,541","8,178","4,586",310,-,03-Oct,6.3,03-Oct,10.3,03-10-2008,211,3-10-8-9,972.6
2,14:46,1210,SHANNON SIGN COMPANY BENCHMARK 60 HANDICAP BM60 HCP,6,OKANAGAN MISS,ALEX PATIS (A2.0),5.6,1.7,4,ZOU DER ZEE,MICHAEL CAHILL,-,3.4,3,COSSIE,CHRIS TAYLOR,-,1.5,2,LINE UP,NICK KEAL (A),-,-,25.9K,11.8K,"6,767","1,986",12.8K,"6,240",383,"4,189",04-Jun,67.1,06-Apr,92.1,06-04-2003,668.3,6-4-3-2,2164.3
3,15:23,1210,MOCO BENCHMARK 60 HANDICAP BM60 HCP,2,BAREFOOT TYCOON,MICHAEL CAHILL,4.9,1.5,8,ABB ROY,MINEHIKO SHIMODAIRA (A2.0),-,2.2,5,IAMPAIDFOR,JARROD WOODHOUSE,-,3.7,7,WRITE THE RULES,EMMA LJUNG,-,-,20.8K,"7,074","5,830","2,891",15.3K,11.1K,629,-,02-Aug,16.1,02-Aug,27.7,02-08-2005,444.4,2-8-5-7,1162.2
4,16:00,1870,VALE DAN O'NEILL BENCHMARK 55 HANDICAP BM55 HCP,2,BATTLE PLANE,ALEX PATIS (A2.0),5.9,2,6,CLEAR SAILING,EMMA LJUNG,-,2.7,4,DANNIWILLBREEZONBY,MATTHEW MCGILLIVRAY,-,1.04,8,STRONG DESIRE,KENJI YOSHIDA,-,-,22.2K,"9,583","4,896","1,853",11.6K,"7,197","1,181",-,02-Jun,13.4,02-Jun,22.5,02-06-2004,64.6,2-6-4-8,511.1
5,16:40,1870,NEIL MANSELL CONCRETE BENCHMARK 55 HANDICAP BM55 HCP,9,TAKEITTOTHELIMIT,ANDREW MALLYON,1.8,1.04,6,BRUMBY JACK,MINEHIKO SHIMODAIRA (A2.0),-,3.7,8,MADAM MAHAL,NOZI TOMIZAWA,-,-,1,ALADINA (NZ),NATHAN FAZACKERLEY (A2.0),-,-,21.4K,"8,260","4,583","2,561",12.5K,10.6K,"1,058",-,06-Sep,7.2,09-Jun,9.4,09-06-2008,74.8,9-6-8-1,221.9
6,17:15,870,FOCUS HR BENCHMARK 52 HANDICAP BM52 HCP,3,RUN THE CUTTER,SKYE BOGENHUBER,11.4,2.5,2,I AM COURAGE,JOSHUA MORROW (A3.0),-,2.4,1,BEWARE,ALEX PATIS (A2.0),-,2,6,GENG,MATTHEW MCGILLIVRAY,-,-,19.2K,"7,697","5,014","2,107",11.2K,"6,937",800,40.9K,02-Mar,25.7,03-Feb,47.8,03-02-2001,151,3-2-1-6,449.9
7,17:45,870,TAB QTIS TWO-YEARS-OLD HANDICAP 2Y HCP,1,DAD'S LAD,MATTHEW MCGILLIVRAY,7.5,1.9,3,BLOODBLISTER,EMMA LJUNG,-,1.04,7,ELKA ELEVEN,ANDREW MALLYON,-,1.2,2,ALL GOOD MILLO,MATTHEW PALMER,-,-,20.1K,"6,358","7,214","2,706",17.4K,13.5K,"1,433",-,01-Mar,5.2,01-Mar,14.5,01-03-2007,28.6,1-3-7-2,70.3
8,18:15,1210,CALTEX TOOWOOMBA MAIDEN PLATE MDN-SW,10,BLACKJACK ROSE,MICHAEL CAHILL,2.4,1.3,13,MYKISS FROMA ROSE (EM1),MONTANNA SAVVA (A3.0),-,5.1,3,TIGERPOWER (NZ),NICK KEAL (A),-,2.1,12,UNUSUAL AUNT,EMMA LJUNG,-,-,21K,"8,215","5,159","3,053",17.2K,"9,469","2,318",-,Oct-13,22.8,Oct-13,42.9,10-13-3,155.6,10-13-3-12,449.3
9,18:45,1210,CHARLTON TYRE SERVICE MAIDEN PLATE MDN-SW,4,CHARMACYS,ANDREW MALLYON,3.2,1.4,7,TO LOVE SOMEBODY,JOSH OLIVER,-,1.04,2,HARRYUP,BROOKE AINSWORTH,-,1.4,14,JUXTAPOSED (EM2),SKYE BOGENHUBER,-,-,17.8K,"6,962","4,367","2,502",14.8K,"9,135",-,-,04-Jul,4.3,04-Jul,9.5,04-07-2002,20.7,4-7-2-14,81.7
0,20:45,2140,MONTELOPP 4UP RIDDEN,8,UNO PICCOLINO,CHRISTINA A HANDE,4.3,2.2,1,SEBASTIAN JOURNEY,SOFIA ADOLFSSON,-,1.5,3,GANDHI BOKO,JENNIFER PERSSON,-,3.9,"3,501",679,275,295,"2,174",3,-,-,01-Aug,20.5,08-Jan,27.2,08-01-2003,117,08-Jul,Carryover,,,,,
1,21:17,1640,FORDEL STON 3UP,7,HAGA MODDE,HAKAN PERSSON,3.6,1.9,6,TORPA PAL,RIKARD N SKOGLUND,-,1.3,12,GULI VINN,OVE A LINDQVIST,-,4.5,"4,323","1,451",667,435,"3,084",12,-,-,06-Jul,13,07-Jun,12.6,07-06-2012,160,08-Jul,Carryover,,,,,
2,21:42,2140,"DAMKLUBBENS UNGDOMSSERIE, AVD. 1 3UP",6,GIGARO AM,OSKAR FLORHED,8.1,2.6,1,CANKUS XPORT,MATS E DJUSE,-,1.7,3,NO BUSINESS,EMILIA LEO,-,2.3,"5,504","1,688",522,621,"3,950",28,113,-,01-Jun,12.2,06-Jan,32.1,06-01-2003,152.7,07-Jun,Carryover,,,,,
3,22:02,2140,"VINCENNES STOLOPP - STL DIAMANTSTOET, FORSOK 3 I MEETING 3 3UP SS",11,KARAMEL HILL,BJORN GOOP,2.2,1.8,9,GORGEOUS L.A.,HANNA OLOFSSON,-,5.9,8,CLEAR EYES,MAGNUS A DJUSE,-,12.4,"3,033",784,173,213,"2,013",29,-,-,09-Nov,36.9,11-Sep,65.5,11-09-2008,1186.9,"6-11
                                            Partial C/O","45.60
                                            (21.53)",,,,,
4,22:26,2140,BERTH JOHANSSONS MEMORIAL - FEMARINGSLOPP 5UP,1,ATTRAVERSIAMO,ERIK ADIELSSON,1.7,1,6,MAXUS,ORJAN KIHLSTROM,-,3.9,4,STOLETHESHOW,RIKARD N SKOGLUND,-,1.5,"4,664","3,038",405,466,"3,409",41,-,-,01-Jun,7.8,01-Jun,11,01-06-2004,50.3,11-Jan,Carryover,,,,,
5,22:47,2140,"EASY LED - STL BRONSDIVISIONEN, FORSOK 3 I MEETING 3 FINAL 3UP",9,BETTER BOSS,IIKKA NURMONEN,1.8,1.7,11,MR CLAYTON J.F.,ORJAN KIHLSTROM,-,1.5,4,FINDUS M.,JENNY A BJORK,-,2.1,"4,921","1,259",590,684,"3,825",-,-,-,09-Nov,7,09-Nov,6.3,09-11-2004,44.3,01-Sep,50.2,,,,,
0,19:55,2140,BREDDLOPP 3UP,12,DEFIKO,JORGEN MELCHIOR,3.7,1.3,8,BESIM ZERO K.V.,CECILIA AHLBORG,-,1.3,6,MUSIC'S CLASSIC,JORGEN OSCARSSON,-,5,"2,623",785,377,128,"1,296",146,18,-,08-Dec,4.7,12-Aug,9.2,12-08-2006,150.1,12-Jun,81.7,,,,,
1,20:11,2140,BREDDLOPP 3UP,6,PIM PIM JOLI,CLAES SVENSSON,24.8,2.8,2,RED POND PHOENIX,WILLIAM EKBERG,-,2.3,12,NICI,ROGER JONSSON,-,15.2,"1,175",240,147,22,384,0,-,-,02-Jun,64.1,"6-2
                                            Partial C/O","36.00
                                            (6.00)","6-2-12
                                            Partial C/O","615.80
                                            (297.93)",12-Jun,81.7,,,,,
2,20:27,2140,BREDDLOPP 3UP,5,D'AMORE,ANDERS KALLBERG,2.7,2,2,LILY DE LUNE,LINN STENSON,-,3.9,6,FUN KEE,KAJSA MAGNUSSON,-,3.1,"1,831",531,222,174,"2,405",0,-,-,02-May,19.4,05-Feb,46.5,05-02-2006,216.3,06-May,0,,,,,
3,20:46,2140,BREDDLOPP 3UP,9,QUANTUM CAPPUCCINO,ANN-SOFIE KRISTIANSSON,10.1,2.6,5,ELI MANNING,MIKAEL A LINDEROTH,-,1.5,7,MACGYVER,JAKOB SMITH,-,2.7,"1,463",393,250,96,"1,115",-,-,-,05-Sep,15.6,09-May,37.2,09-05-2007,282.5,05-Sep,0,,,,,
